prop,seed,test_lang,structure,pos,en_frac,n
0.01,1,nl,subj_pp+obj_pp,det,0.0,28564
0.01,1,nl,subj_pp+obj_pp,noun,0.010380198851701442,28564
0.01,1,nl,subj_pp+obj_pp,prep,0.08412687298697662,14282
0.01,1,nl,subj_pp+obj_pp,aux,0.0,7141
0.01,1,nl,subj_pp+obj_pp,part,0.0,7141
0.01,1,nl,subj_pp,det,0.0,19737
0.01,1,nl,subj_pp,noun,0.011045161290322581,19375
0.01,1,nl,subj_pp,prep,0.08649106592729514,6492
0.01,1,nl,subj_pp,aux,0.0,7015
0.01,1,nl,subj_pp,part,0.0,6557
0.01,1,nl,obj_pp,det,0.0,20283
0.01,1,nl,obj_pp,noun,0.009701787301273822,20254
0.01,1,nl,obj_pp,aux,0.0,7274
0.01,1,nl,obj_pp,prep,0.08356751959769265,6761
0.01,1,nl,obj_pp,part,0.0,6277
0.01,1,en,subj_pp,det,1.0,21231
0.01,1,en,subj_pp,noun,0.9895200414488249,21231
0.01,1,en,subj_pp,prep,0.9161367811219443,7077
0.01,1,en,subj_pp,aux,1.0,7077
0.01,1,en,subj_pp,part,1.0,7077
0.01,1,en,plain,det,1.0,11816
0.01,1,en,plain,noun,0.9909021665538253,11816
0.01,1,en,plain,aux,1.0,5908
0.01,1,en,plain,part,1.0,5908
0.01,1,en,subj_rc,det,1.0,20378
0.01,1,en,subj_rc,noun,0.9893267248994013,20378
0.01,1,en,subj_rc,rel,1.0,8558
0.01,1,en,subj_rc,verb,1.0,8445
0.01,1,en,subj_rc,aux,1.0,7234
0.01,1,en,subj_rc,part,1.0,7347
0.01,1,en,obj_pp,det,1.0,21636
0.01,1,en,obj_pp,noun,0.9902708448881494,21636
0.01,1,en,obj_pp,aux,1.0,7212
0.01,1,en,obj_pp,part,1.0,7212
0.01,1,en,obj_pp,prep,0.918191902384914,7212
0.01,1,en,subj_pp+obj_pp,det,1.0,28666
0.01,1,en,subj_pp+obj_pp,noun,0.9898137165980604,28666
0.01,1,en,subj_pp+obj_pp,prep,0.9172656849745272,14329
0.01,1,en,subj_pp+obj_pp,aux,1.0,7167
0.01,1,en,subj_pp+obj_pp,part,1.0,7164
0.01,1,nl,plain,det,0.0,8916
0.01,1,nl,plain,noun,0.009982054733064155,8916
0.01,1,nl,plain,aux,0.0,4458
0.01,1,nl,plain,part,0.0,4458
0.01,1,nl,subj_rc,aux,0.0,14354
0.01,1,nl,subj_rc,det,0.0,21675
0.01,1,nl,subj_rc,noun,0.010806317539484621,21654
0.01,1,nl,subj_rc,verb,0.0,6998
0.01,1,nl,subj_rc,part,0.0,7247
0.01,1,en,obj_rc,det,1.0,21411
0.01,1,en,obj_rc,noun,0.9895847928634813,21411
0.01,1,en,obj_rc,aux,1.0,7137
0.01,1,en,obj_rc,part,1.0,7224
0.01,1,en,obj_rc,rel,1.0,7137
0.01,1,en,obj_rc,verb,1.0,7050
0.01,1,nl,obj_rc,aux,0.0,7675
0.01,1,nl,obj_rc,det,0.0,21487
0.01,1,nl,obj_rc,noun,0.010762289688880534,21278
0.01,1,nl,obj_rc,verb,0.0,7077
0.01,1,nl,obj_rc,part,0.0,7173
0.01,1,nl,obj_rc,rel,0.0,6960
0.01,1,nl,subj_rc,rel,0.0,532
0.01,1,nl,subj_pp,verb,0.0,33
0.01,1,nl,subj_pp,rel,0.0,2
0.01,2,en,subj_rc,det,1.0,21624
0.01,2,en,subj_rc,noun,0.9893174250832408,21624
0.01,2,en,subj_rc,rel,1.0,7208
0.01,2,en,subj_rc,verb,1.0,7121
0.01,2,en,subj_rc,aux,1.0,7208
0.01,2,en,subj_rc,part,1.0,7295
0.01,2,en,obj_rc,det,1.0,21693
0.01,2,en,obj_rc,noun,0.9894896971373254,21693
0.01,2,en,obj_rc,aux,1.0,7231
0.01,2,en,obj_rc,part,1.0,7313
0.01,2,en,obj_rc,rel,1.0,7231
0.01,2,en,obj_rc,verb,1.0,7149
0.01,2,en,subj_pp,det,1.0,21123
0.01,2,en,subj_pp,noun,0.9895138001230885,21123
0.01,2,en,subj_pp,prep,0.9154239454622923,7041
0.01,2,en,subj_pp,aux,1.0,7041
0.01,2,en,subj_pp,part,1.0,7041
0.01,2,nl,subj_pp+obj_pp,det,0.0,28500
0.01,2,nl,subj_pp+obj_pp,noun,0.010298245614035088,28500
0.01,2,nl,subj_pp+obj_pp,prep,0.08305263157894736,14250
0.01,2,nl,subj_pp+obj_pp,aux,0.0,7125
0.01,2,nl,subj_pp+obj_pp,part,0.0,7125
0.01,2,nl,subj_pp,det,0.0,20233
0.01,2,nl,subj_pp,noun,0.010612185965925499,20778
0.01,2,nl,subj_pp,prep,0.0900121802679659,8210
0.01,2,nl,subj_pp,aux,0.0,7249
0.01,2,nl,subj_pp,part,0.0,6875
0.01,2,nl,obj_pp,det,0.0,21581
0.01,2,nl,obj_pp,noun,0.009605615590652997,21654
0.01,2,nl,obj_pp,aux,0.0,7268
0.01,2,nl,obj_pp,prep,0.08614818850449468,7342
0.01,2,nl,obj_pp,part,0.0,7171
0.01,2,nl,plain,det,0.0,3740
0.01,2,nl,plain,noun,0.011229946524064172,3740
0.01,2,nl,plain,aux,0.0,1870
0.01,2,nl,plain,part,0.0,1870
0.01,2,en,plain,det,1.0,14352
0.01,2,en,plain,noun,0.9903149386845039,14352
0.01,2,en,plain,aux,1.0,7176
0.01,2,en,plain,part,1.0,7176
0.01,2,nl,subj_rc,rel,0.0,14021
0.01,2,nl,subj_rc,det,0.0,21063
0.01,2,nl,subj_rc,noun,0.010598210080075365,14861
0.01,2,nl,subj_rc,aux,0.0,12954
0.01,2,nl,subj_rc,part,0.0,7547
0.01,2,nl,obj_rc,rel,0.0,15292
0.01,2,nl,obj_rc,det,0.0,20657
0.01,2,nl,obj_rc,noun,0.009791243303159062,16239
0.01,2,nl,obj_rc,aux,0.0,5082
0.01,2,nl,obj_rc,verb,0.0,7660
0.01,2,nl,obj_rc,part,0.0,6970
0.01,2,en,subj_pp+obj_pp,det,1.0,28664
0.01,2,en,subj_pp+obj_pp,noun,0.9899176667596986,28664
0.01,2,en,subj_pp+obj_pp,prep,0.9168643594753,14332
0.01,2,en,subj_pp+obj_pp,aux,1.0,7166
0.01,2,en,subj_pp+obj_pp,part,1.0,7166
0.01,2,nl,subj_rc,verb,0.0,2004
0.01,2,en,obj_pp,det,1.0,21510
0.01,2,en,obj_pp,noun,0.9901441190144119,21510
0.01,2,en,obj_pp,aux,1.0,7170
0.01,2,en,obj_pp,part,1.0,7170
0.01,2,en,obj_pp,prep,0.9184797768479777,7170
0.01,2,nl,subj_pp,verb,0.0,204
0.01,3,nl,subj_pp,prep,0.08589698046181173,14075
0.01,3,nl,subj_pp,noun,0.010479113711572587,20851
0.01,3,nl,subj_pp,det,0.0,14347
0.01,3,nl,subj_pp,aux,0.0,7037
0.01,3,nl,subj_pp,part,0.0,6826
0.01,3,nl,subj_pp+obj_pp,det,0.0,28744
0.01,3,nl,subj_pp+obj_pp,noun,0.010176036738101866,28744
0.01,3,nl,subj_pp+obj_pp,prep,0.0827650988032285,14372
0.01,3,nl,subj_pp+obj_pp,aux,0.0,7186
0.01,3,nl,subj_pp+obj_pp,part,0.0,7186
0.01,3,nl,obj_rc,aux,0.0,14844
0.01,3,nl,obj_rc,det,0.0,20694
0.01,3,nl,obj_rc,noun,0.009818308874912649,14310
0.01,3,nl,obj_rc,rel,0.0,5856
0.01,3,nl,obj_rc,verb,0.0,7122
0.01,3,nl,obj_rc,part,0.0,8393
0.01,3,nl,plain,part,0.0,7669
0.01,3,nl,plain,aux,0.0,2714
0.01,3,nl,plain,det,0.0,2715
0.01,3,nl,plain,noun,0.01069615663524293,2758
0.01,3,en,subj_pp+obj_pp,det,1.0,28500
0.01,3,en,subj_pp+obj_pp,noun,0.9897368421052631,28500
0.01,3,en,subj_pp+obj_pp,prep,0.9164210526315789,14250
0.01,3,en,subj_pp+obj_pp,aux,1.0,7125
0.01,3,en,subj_pp+obj_pp,part,1.0,7125
0.01,3,en,obj_rc,aux,1.0,8793
0.01,3,en,obj_rc,part,1.0,8884
0.01,3,en,obj_rc,det,1.0,19936
0.01,3,en,obj_rc,noun,0.9906952247191011,19936
0.01,3,en,obj_rc,rel,1.0,7277
0.01,3,en,obj_rc,verb,1.0,7184
0.01,3,nl,obj_pp,prep,0.08148554952975905,14567
0.01,3,nl,obj_pp,noun,0.009917508573547132,21578
0.01,3,nl,obj_pp,aux,0.0,7047
0.01,3,nl,obj_pp,det,0.0,14579
0.01,3,nl,obj_pp,part,0.0,7047
0.01,3,en,subj_rc,rel,1.0,14297
0.01,3,en,subj_rc,verb,0.9988663738132351,14114
0.01,3,en,subj_rc,det,1.0,14583
0.01,3,en,subj_rc,noun,0.9892027147460067,14587
0.01,3,en,subj_rc,aux,1.0,7220
0.01,3,en,subj_rc,part,1.0,7399
0.01,3,en,subj_pp,prep,0.8985548048048048,10656
0.01,3,en,subj_pp,det,1.0,13342
0.01,3,en,subj_pp,noun,0.9905739581743245,13102
0.01,3,en,subj_pp,verb,1.0,4500
0.01,3,en,subj_pp,aux,1.0,2941
0.01,3,en,subj_pp,part,1.0,3455
0.01,3,nl,subj_rc,verb,0.0,8454
0.01,3,nl,subj_rc,rel,0.0,6906
0.01,3,nl,subj_rc,det,0.0,19297
0.01,3,nl,subj_rc,noun,0.008251473477406679,15270
0.01,3,nl,subj_rc,aux,0.0,12820
0.01,3,nl,subj_rc,part,0.0,8260
0.01,3,en,obj_pp,prep,0.8581759742868622,12445
0.01,3,en,obj_pp,det,1.0,14292
0.01,3,en,obj_pp,noun,0.9893280887283983,15508
0.01,3,en,obj_pp,aux,1.0,3576
0.01,3,en,obj_pp,part,1.0,2355
0.01,3,nl,subj_rc,prep,0.010238907849829351,293
0.01,3,nl,plain,prep,0.0,286
0.01,3,nl,subj_pp,verb,0.0,215
0.01,3,en,plain,aux,1.0,209
0.01,3,en,plain,part,1.0,209
0.01,3,en,plain,det,1.0,106
0.01,3,en,plain,noun,1.0,106
0.01,3,nl,plain,verb,0.0,52
0.01,3,en,subj_pp,rel,1.0,1
0.01,3,nl,obj_rc,prep,0.0,1
0.01,3,en,obj_pp,rel,1.0,1
0.1,1,nl,subj_pp+obj_pp,det,0.0,28564
0.1,1,nl,subj_pp+obj_pp,noun,0.010380198851701442,28564
0.1,1,nl,subj_pp+obj_pp,prep,0.08412687298697662,14282
0.1,1,nl,subj_pp+obj_pp,aux,0.0,7141
0.1,1,nl,subj_pp+obj_pp,part,0.0,7141
0.1,1,nl,subj_pp,det,0.0,21134
0.1,1,nl,subj_pp,noun,0.010531007967905499,17947
0.1,1,nl,subj_pp,prep,0.061170212765957445,10340
0.1,1,nl,subj_pp,aux,0.0,6939
0.1,1,nl,subj_pp,part,0.0,4473
0.1,1,nl,obj_pp,det,0.0,21678
0.1,1,nl,obj_pp,noun,0.009618045945197896,21678
0.1,1,nl,obj_pp,aux,0.0,7226
0.1,1,nl,obj_pp,prep,0.08241073899806255,7226
0.1,1,nl,obj_pp,part,0.0,7226
0.1,1,en,subj_pp,det,1.0,21231
0.1,1,en,subj_pp,noun,0.9895671423861335,21231
0.1,1,en,subj_pp,prep,0.9161367811219443,7077
0.1,1,en,subj_pp,aux,1.0,7077
0.1,1,en,subj_pp,part,1.0,7077
0.1,1,en,plain,det,1.0,14330
0.1,1,en,plain,noun,0.9903698534542917,14330
0.1,1,en,plain,aux,1.0,7165
0.1,1,en,plain,part,1.0,7165
0.1,1,en,subj_rc,det,1.0,19649
0.1,1,en,subj_rc,noun,0.9892127078935173,19421
0.1,1,en,subj_rc,rel,0.9986740597878495,8296
0.1,1,en,subj_rc,verb,1.0,7167
0.1,1,en,subj_rc,aux,1.0,9316
0.1,1,en,subj_rc,part,1.0,8491
0.1,1,nl,plain,det,0.0,14318
0.1,1,nl,plain,noun,0.009603296549797458,14318
0.1,1,nl,plain,aux,0.0,7159
0.1,1,nl,plain,part,0.0,7159
0.1,1,en,obj_pp,det,1.0,21603
0.1,1,en,obj_pp,noun,0.9905337221682173,21603
0.1,1,en,obj_pp,aux,1.0,7201
0.1,1,en,obj_pp,part,1.0,7201
0.1,1,en,obj_pp,prep,0.9188307179558395,7201
0.1,1,en,subj_pp+obj_pp,det,1.0,28675
0.1,1,en,subj_pp+obj_pp,noun,0.9898343504795117,28675
0.1,1,en,subj_pp+obj_pp,prep,0.9172945444397935,14334
0.1,1,en,subj_pp+obj_pp,aux,1.0,7160
0.1,1,en,subj_pp+obj_pp,part,1.0,7160
0.1,1,nl,subj_rc,aux,0.0,15138
0.1,1,nl,subj_rc,det,0.0,21639
0.1,1,nl,subj_rc,noun,0.012004734261398862,17743
0.1,1,nl,subj_rc,part,0.0,7345
0.1,1,en,obj_rc,det,1.0,21411
0.1,1,en,obj_rc,noun,0.9895847928634813,21411
0.1,1,en,obj_rc,aux,1.0,7137
0.1,1,en,obj_rc,part,1.0,7224
0.1,1,en,obj_rc,rel,1.0,7137
0.1,1,en,obj_rc,verb,1.0,7050
0.1,1,nl,subj_rc,rel,0.0,4070
0.1,1,nl,subj_rc,verb,0.0,6395
0.1,1,nl,obj_rc,det,0.0,21495
0.1,1,nl,obj_rc,noun,0.010514073040241916,21495
0.1,1,nl,obj_rc,aux,0.0,7165
0.1,1,nl,obj_rc,rel,0.0,7165
0.1,1,nl,obj_rc,verb,0.0,7165
0.1,1,nl,obj_rc,part,0.0,7165
0.1,1,nl,subj_pp,verb,0.0,2572
0.1,2,en,subj_rc,det,1.0,21624
0.1,2,en,subj_rc,noun,0.9893174250832408,21624
0.1,2,en,subj_rc,rel,1.0,7208
0.1,2,en,subj_rc,verb,1.0,7121
0.1,2,en,subj_rc,aux,1.0,7208
0.1,2,en,subj_rc,part,1.0,7295
0.1,2,en,obj_rc,det,1.0,21693
0.1,2,en,obj_rc,noun,0.9894896971373254,21693
0.1,2,en,obj_rc,aux,1.0,7231
0.1,2,en,obj_rc,part,1.0,7313
0.1,2,en,obj_rc,rel,1.0,7231
0.1,2,en,obj_rc,verb,1.0,7149
0.1,2,en,subj_pp,det,1.0,21123
0.1,2,en,subj_pp,noun,0.9895138001230885,21123
0.1,2,en,subj_pp,prep,0.9155678434708635,7053
0.1,2,en,subj_pp,aux,1.0,7029
0.1,2,en,subj_pp,part,1.0,7031
0.1,2,nl,subj_pp+obj_pp,det,0.0,28500
0.1,2,nl,subj_pp+obj_pp,noun,0.010298245614035088,28500
0.1,2,nl,subj_pp+obj_pp,prep,0.08305263157894736,14250
0.1,2,nl,subj_pp+obj_pp,aux,0.0,7125
0.1,2,nl,subj_pp+obj_pp,part,0.0,7125
0.1,2,nl,subj_pp,aux,0.0,6628
0.1,2,nl,subj_pp,det,0.0,18798
0.1,2,nl,subj_pp,noun,0.010501637870126533,15569
0.1,2,nl,subj_pp,prep,0.10037621486048699,9569
0.1,2,nl,subj_pp,verb,0.0,3268
0.1,2,nl,plain,det,0.0,14242
0.1,2,nl,plain,noun,0.009913823302739438,14273
0.1,2,nl,plain,aux,0.0,7141
0.1,2,nl,plain,part,0.0,7124
0.1,2,nl,obj_pp,aux,0.0,10746
0.1,2,nl,obj_pp,det,0.0,19175
0.1,2,nl,obj_pp,noun,0.009972684636396433,19403
0.1,2,nl,obj_pp,prep,0.07398289712360716,7718
0.1,2,en,plain,det,1.0,14352
0.1,2,en,plain,noun,0.9903497770345596,14352
0.1,2,en,plain,aux,1.0,7176
0.1,2,en,plain,part,1.0,7176
0.1,2,nl,subj_rc,rel,0.0,13722
0.1,2,nl,subj_rc,det,0.0,21492
0.1,2,nl,subj_rc,noun,0.01040133948957329,19709
0.1,2,nl,subj_rc,verb,0.0,2450
0.1,2,nl,subj_rc,aux,0.0,7542
0.1,2,nl,subj_rc,part,0.0,7455
0.1,2,nl,subj_pp,part,0.0,3300
0.1,2,nl,obj_rc,det,0.0,21418
0.1,2,nl,obj_rc,noun,0.01053952321204517,19925
0.1,2,nl,obj_rc,aux,0.0,7254
0.1,2,nl,obj_rc,rel,0.0002278682921271505,8777
0.1,2,nl,obj_rc,verb,0.0,7210
0.1,2,nl,obj_rc,part,0.0,7376
0.1,2,en,subj_pp+obj_pp,det,1.0,28664
0.1,2,en,subj_pp+obj_pp,noun,0.9899176667596986,28664
0.1,2,en,subj_pp+obj_pp,prep,0.9168643594753,14332
0.1,2,en,subj_pp+obj_pp,aux,1.0,7166
0.1,2,en,subj_pp+obj_pp,part,1.0,7166
0.1,2,en,obj_pp,det,1.0,21510
0.1,2,en,obj_pp,noun,0.9901441190144119,21510
0.1,2,en,obj_pp,aux,1.0,7170
0.1,2,en,obj_pp,part,1.0,7170
0.1,2,en,obj_pp,prep,0.9184797768479777,7170
0.1,2,nl,obj_pp,part,0.0,1263
0.1,2,en,subj_pp,verb,1.0,10
0.1,2,nl,obj_pp,verb,0.0,15
0.1,3,nl,subj_pp,prep,0.10940564927422519,10196
0.1,3,nl,subj_pp,det,0.0,17736
0.1,3,nl,subj_pp,noun,0.010886794026862434,11987
0.1,3,nl,subj_pp,verb,0.0,1870
0.1,3,nl,subj_pp,aux,0.0,7526
0.1,3,nl,subj_pp+obj_pp,det,0.0,28744
0.1,3,nl,subj_pp+obj_pp,noun,0.010176036738101866,28744
0.1,3,nl,subj_pp+obj_pp,prep,0.0827650988032285,14372
0.1,3,nl,subj_pp+obj_pp,aux,0.0,7186
0.1,3,nl,subj_pp+obj_pp,part,0.0,7186
0.1,3,nl,obj_rc,aux,0.00013176098557217208,15179
0.1,3,nl,obj_rc,det,0.0,17510
0.1,3,nl,obj_rc,noun,0.015244540570710946,14333
0.1,3,nl,obj_rc,part,0.0,15072
0.1,3,nl,obj_rc,verb,0.0,7159
0.1,3,en,subj_pp+obj_pp,det,1.0,28500
0.1,3,en,subj_pp+obj_pp,noun,0.9897368421052631,28500
0.1,3,en,subj_pp+obj_pp,prep,0.9164210526315789,14250
0.1,3,en,subj_pp+obj_pp,aux,1.0,7125
0.1,3,en,subj_pp+obj_pp,part,1.0,7125
0.1,3,en,obj_rc,aux,1.0,14365
0.1,3,en,obj_rc,part,1.0,14443
0.1,3,en,obj_rc,det,1.0,14759
0.1,3,en,obj_rc,noun,0.9900751981573064,14761
0.1,3,en,obj_rc,rel,1.0,6875
0.1,3,en,obj_rc,verb,1.0,6797
0.1,3,nl,subj_pp,part,0.0,4547
0.1,3,en,subj_rc,rel,0.9987936417825717,14092
0.1,3,en,subj_rc,verb,1.0,11405
0.1,3,en,subj_rc,det,1.0,15853
0.1,3,en,subj_rc,noun,0.9898757332996909,15853
0.1,3,en,subj_rc,aux,1.0,7449
0.1,3,en,subj_rc,part,1.0,7548
0.1,3,en,subj_pp,aux,1.0,13268
0.1,3,en,subj_pp,part,1.0,13307
0.1,3,en,subj_pp,prep,0.9165853658536586,7175
0.1,3,en,subj_pp,det,1.0,14086
0.1,3,en,subj_pp,noun,0.9897487007902043,14047
0.1,3,en,obj_pp,prep,0.8641047866705192,10383
0.1,3,en,obj_pp,det,1.0,15594
0.1,3,en,obj_pp,noun,0.9900282159805053,15594
0.1,3,nl,subj_rc,rel,8.508465923593976e-05,11753
0.1,3,nl,subj_rc,det,0.0,21678
0.1,3,nl,subj_rc,noun,0.010055038103302286,14172
0.1,3,nl,subj_rc,verb,0.0,7519
0.1,3,nl,subj_rc,aux,0.0,9924
0.1,3,nl,subj_rc,part,0.0,7284
0.1,3,nl,obj_pp,prep,0.12809496067579376,13732
0.1,3,nl,obj_pp,det,0.0,14175
0.1,3,nl,obj_pp,noun,0.011315748400187295,12814
0.1,3,nl,obj_rc,rel,0.0,2297
0.1,3,nl,obj_pp,part,0.0,1740
0.1,3,en,obj_pp,aux,1.0,10413
0.1,3,en,obj_pp,part,1.0,10413
0.1,3,en,subj_pp,verb,1.0,199
0.1,3,nl,obj_pp,aux,0.0,64
0.1,3,nl,plain,det,0.0,4
0.1,3,nl,plain,noun,0.0,4
0.1,3,nl,plain,aux,0.0,2
0.1,3,nl,plain,part,0.0,2
0.1,3,nl,subj_pp,rel,1.0,3
0.25,1,nl,subj_pp+obj_pp,det,0.0,28564
0.25,1,nl,subj_pp+obj_pp,noun,0.010380198851701442,28564
0.25,1,nl,subj_pp+obj_pp,prep,0.08412687298697662,14282
0.25,1,nl,subj_pp+obj_pp,aux,0.0,7141
0.25,1,nl,subj_pp+obj_pp,part,0.0,7141
0.25,1,nl,subj_pp,prep,0.059364170558987496,13274
0.25,1,nl,subj_pp,det,0.0,21187
0.25,1,nl,subj_pp,noun,0.010985330564672784,14929
0.25,1,nl,subj_pp,aux,0.0,7072
0.25,1,nl,subj_pp,part,0.0,7000
0.25,1,nl,obj_pp,det,0.0,21678
0.25,1,nl,obj_pp,noun,0.00961848964340084,21677
0.25,1,nl,obj_pp,aux,0.0,7225
0.25,1,nl,obj_pp,prep,0.082387935805202,7228
0.25,1,nl,obj_pp,part,0.0,7226
0.25,1,en,subj_pp,det,1.0,20793
0.25,1,en,subj_pp,noun,0.9897021317549685,20781
0.25,1,en,subj_pp,prep,0.9230320321618467,7711
0.25,1,en,subj_pp,aux,1.0,6183
0.25,1,en,subj_pp,part,1.0,6589
0.25,1,en,plain,det,1.0,14330
0.25,1,en,plain,noun,0.9903698534542917,14330
0.25,1,en,plain,aux,1.0,7165
0.25,1,en,plain,part,1.0,7165
0.25,1,en,subj_rc,rel,1.0,21672
0.25,1,en,subj_rc,verb,1.0,7145
0.25,1,en,subj_rc,det,1.0,14483
0.25,1,en,subj_rc,noun,0.9893668438859352,14483
0.25,1,en,subj_rc,aux,1.0,7234
0.25,1,en,subj_rc,part,1.0,7323
0.25,1,nl,plain,det,0.0,14347
0.25,1,nl,plain,noun,0.009880594930521612,14321
0.25,1,nl,plain,aux,0.0,7155
0.25,1,nl,plain,part,0.0,7131
0.25,1,en,obj_pp,det,1.0,21636
0.25,1,en,obj_pp,noun,0.990293954520244,21636
0.25,1,en,obj_pp,aux,1.0,7212
0.25,1,en,obj_pp,part,1.0,7212
0.25,1,en,obj_pp,prep,0.918191902384914,7212
0.25,1,en,subj_pp+obj_pp,det,1.0,28668
0.25,1,en,subj_pp+obj_pp,noun,0.9898318682851961,28668
0.25,1,en,subj_pp+obj_pp,prep,0.9172945444397935,14334
0.25,1,en,subj_pp+obj_pp,aux,1.0,7167
0.25,1,en,subj_pp+obj_pp,part,1.0,7167
0.25,1,nl,subj_rc,det,0.0,21738
0.25,1,nl,subj_rc,noun,0.010576476057647605,21510
0.25,1,nl,subj_rc,rel,0.0,7565
0.25,1,nl,subj_rc,verb,0.0,6975
0.25,1,nl,subj_rc,aux,0.0,7426
0.25,1,nl,subj_rc,part,0.0,7246
0.25,1,en,obj_rc,det,1.0,21411
0.25,1,en,obj_rc,noun,0.9895847928634813,21411
0.25,1,en,obj_rc,aux,1.0,7137
0.25,1,en,obj_rc,part,1.0,7224
0.25,1,en,obj_rc,rel,1.0,7137
0.25,1,en,obj_rc,verb,1.0,7050
0.25,1,nl,obj_rc,det,0.0,21495
0.25,1,nl,obj_rc,noun,0.010514073040241916,21495
0.25,1,nl,obj_rc,aux,0.0,7165
0.25,1,nl,obj_rc,rel,0.0,7165
0.25,1,nl,obj_rc,verb,0.0,7165
0.25,1,nl,obj_rc,part,0.0,7165
0.25,1,en,subj_pp,verb,1.0,322
0.25,1,nl,subj_pp,verb,0.0,33
0.25,2,en,subj_rc,det,1.0,21624
0.25,2,en,subj_rc,noun,0.9893174250832408,21624
0.25,2,en,subj_rc,rel,1.0,7208
0.25,2,en,subj_rc,verb,1.0,7121
0.25,2,en,subj_rc,aux,1.0,7208
0.25,2,en,subj_rc,part,1.0,7295
0.25,2,en,obj_rc,det,1.0,21693
0.25,2,en,obj_rc,noun,0.9894896971373254,21693
0.25,2,en,obj_rc,aux,1.0,7231
0.25,2,en,obj_rc,part,1.0,7313
0.25,2,en,obj_rc,rel,1.0,7231
0.25,2,en,obj_rc,verb,1.0,7149
0.25,2,en,subj_pp,det,1.0,21123
0.25,2,en,subj_pp,noun,0.9895138001230885,21123
0.25,2,en,subj_pp,prep,0.9154239454622923,7041
0.25,2,en,subj_pp,aux,1.0,7041
0.25,2,en,subj_pp,part,1.0,7041
0.25,2,nl,subj_pp+obj_pp,det,0.0,28500
0.25,2,nl,subj_pp+obj_pp,noun,0.010298245614035088,28500
0.25,2,nl,subj_pp+obj_pp,prep,0.08305263157894736,14250
0.25,2,nl,subj_pp+obj_pp,aux,0.0,7125
0.25,2,nl,subj_pp+obj_pp,part,0.0,7125
0.25,2,nl,plain,aux,0.0,8021
0.25,2,nl,plain,det,0.0,13404
0.25,2,nl,plain,noun,0.010146726038396963,13699
0.25,2,nl,obj_pp,aux,0.0,12442
0.25,2,nl,obj_pp,det,0.0,21432
0.25,2,nl,obj_pp,noun,0.008501661979033496,15644
0.25,2,nl,obj_pp,prep,0.09373576309794988,8780
0.25,2,nl,obj_pp,part,0.0,5953
0.25,2,nl,plain,part,0.0,6285
0.25,2,en,plain,det,1.0,14352
0.25,2,en,plain,noun,0.9903497770345596,14352
0.25,2,en,plain,aux,1.0,7176
0.25,2,en,plain,part,1.0,7176
0.25,2,nl,subj_rc,aux,0.0,18019
0.25,2,nl,subj_rc,det,0.0,20028
0.25,2,nl,subj_rc,noun,0.010866785988238302,19555
0.25,2,nl,subj_rc,part,0.0,7245
0.25,2,nl,subj_pp,det,0.0,3591
0.25,2,nl,subj_pp,noun,0.006761978361669242,2588
0.25,2,nl,subj_pp,prep,0.09797854785478548,2424
0.25,2,nl,subj_pp,aux,0.0,1037
0.25,2,nl,subj_pp,part,0.0,676
0.25,2,nl,obj_rc,det,0.0,20195
0.25,2,nl,obj_rc,noun,0.010561996462959324,20356
0.25,2,nl,obj_rc,aux,0.0,7140
0.25,2,nl,obj_rc,rel,0.0,8775
0.25,2,nl,obj_rc,verb,0.0,7509
0.25,2,nl,obj_rc,part,0.0,7425
0.25,2,en,subj_pp+obj_pp,det,1.0,28664
0.25,2,en,subj_pp+obj_pp,noun,0.9899176667596986,28664
0.25,2,en,subj_pp+obj_pp,prep,0.9168643594753,14332
0.25,2,en,subj_pp+obj_pp,aux,1.0,7166
0.25,2,en,subj_pp+obj_pp,part,1.0,7166
0.25,2,nl,subj_rc,rel,0.0,5409
0.25,2,nl,subj_rc,verb,0.0,2194
0.25,2,en,obj_pp,det,1.0,21510
0.25,2,en,obj_pp,noun,0.9901441190144119,21510
0.25,2,en,obj_pp,aux,1.0,7170
0.25,2,en,obj_pp,part,1.0,7170
0.25,2,en,obj_pp,prep,0.9184797768479777,7170
0.25,2,nl,subj_pp,verb,0.0,466
0.25,2,nl,plain,verb,0.0,339
0.25,2,nl,obj_pp,verb,0.0,63
0.25,3,nl,subj_pp,aux,0.00010876658690450294,9194
0.25,3,nl,subj_pp,det,0.0,18819
0.25,3,nl,subj_pp,noun,0.009696319524674039,12118
0.25,3,nl,subj_pp,prep,0.08309328606248616,9026
0.25,3,nl,subj_pp,verb,0.0,4218
0.25,3,nl,subj_pp+obj_pp,det,0.0,28744
0.25,3,nl,subj_pp+obj_pp,noun,0.010176036738101866,28744
0.25,3,nl,subj_pp+obj_pp,prep,0.0827650988032285,14372
0.25,3,nl,subj_pp+obj_pp,aux,0.0,7186
0.25,3,nl,subj_pp+obj_pp,part,0.0,7186
0.25,3,nl,obj_rc,aux,0.0,11390
0.25,3,nl,obj_rc,det,0.0,21250
0.25,3,nl,obj_rc,noun,0.010536346310917506,18365
0.25,3,nl,obj_rc,rel,0.0,6019
0.25,3,nl,obj_rc,verb,0.0,7123
0.25,3,nl,obj_rc,part,0.0,7471
0.25,3,en,subj_pp+obj_pp,det,1.0,28500
0.25,3,en,subj_pp+obj_pp,noun,0.9897368421052631,28500
0.25,3,en,subj_pp+obj_pp,prep,0.9164210526315789,14250
0.25,3,en,subj_pp+obj_pp,aux,1.0,7125
0.25,3,en,subj_pp+obj_pp,part,1.0,7125
0.25,3,en,obj_rc,det,1.0,21603
0.25,3,en,obj_rc,noun,0.9897005045595519,21603
0.25,3,en,obj_rc,aux,1.0,7201
0.25,3,en,obj_rc,part,1.0,7283
0.25,3,en,obj_rc,rel,1.0,7201
0.25,3,en,obj_rc,verb,1.0,7119
0.25,3,en,plain,det,1.0,8518
0.25,3,en,plain,noun,0.9890232448931674,8518
0.25,3,en,plain,aux,1.0,4259
0.25,3,en,plain,part,1.0,4259
0.25,3,nl,subj_pp,part,0.0,1912
0.25,3,nl,obj_pp,aux,0.0,2185
0.25,3,nl,obj_pp,det,0.0,8086
0.25,3,nl,obj_pp,noun,0.006137061029662462,5866
0.25,3,nl,obj_pp,prep,0.043100511073253835,5870
0.25,3,nl,obj_pp,part,0.0004633920296570899,2158
0.25,3,en,subj_rc,det,1.0,21660
0.25,3,en,subj_rc,noun,0.9892659279778393,21660
0.25,3,en,subj_rc,rel,1.0,7220
0.25,3,en,subj_rc,verb,1.0,7129
0.25,3,en,subj_rc,aux,1.0,7220
0.25,3,en,subj_rc,part,1.0,7311
0.25,3,en,subj_pp,det,1.0,21165
0.25,3,en,subj_pp,noun,0.9897708480982754,21165
0.25,3,en,subj_pp,prep,0.9155209071580439,7055
0.25,3,en,subj_pp,aux,1.0,7055
0.25,3,en,subj_pp,part,1.0,7055
0.25,3,en,obj_pp,aux,1.0,10031
0.25,3,en,obj_pp,part,1.0,10118
0.25,3,en,obj_pp,det,1.0,18136
0.25,3,en,obj_pp,noun,0.990567081604426,18075
0.25,3,en,obj_pp,prep,0.91147149677057,7122
0.25,3,nl,subj_rc,verb,0.0,6486
0.25,3,nl,subj_rc,rel,0.0,13778
0.25,3,nl,subj_rc,det,0.0,21580
0.25,3,nl,subj_rc,noun,0.011675478348439074,15888
0.25,3,nl,subj_rc,aux,0.0,7267
0.25,3,nl,subj_rc,part,0.0,7331
0.25,3,en,obj_pp,rel,1.0,22
0.25,3,nl,obj_rc,prep,0.0,2
0.5,1,nl,subj_pp+obj_pp,det,0.0,28564
0.5,1,nl,subj_pp+obj_pp,noun,0.010380198851701442,28564
0.5,1,nl,subj_pp+obj_pp,prep,0.08412687298697662,14282
0.5,1,nl,subj_pp+obj_pp,aux,0.0,7141
0.5,1,nl,subj_pp+obj_pp,part,0.0,7141
0.5,1,nl,subj_pp,det,0.0,21114
0.5,1,nl,subj_pp,noun,0.010833071031371315,19062
0.5,1,nl,subj_pp,prep,0.13096547173960854,9094
0.5,1,nl,subj_pp,aux,0.0,7036
0.5,1,nl,subj_pp,part,0.0,6947
0.5,1,nl,obj_pp,det,0.0,21402
0.5,1,nl,obj_pp,noun,0.009583021690351533,21392
0.5,1,nl,obj_pp,aux,0.0,7371
0.5,1,nl,obj_pp,prep,0.08185128133314662,7141
0.5,1,nl,obj_pp,part,0.0,6900
0.5,1,en,subj_pp,det,1.0,20708
0.5,1,en,subj_pp,noun,0.9897141201468032,20708
0.5,1,en,subj_pp,prep,0.921670845981259,7577
0.5,1,en,subj_pp,aux,1.0,7603
0.5,1,en,subj_pp,part,1.0,7097
0.5,1,en,plain,det,1.0,14145
0.5,1,en,plain,noun,0.9906680805938494,14145
0.5,1,en,plain,aux,1.0,7076
0.5,1,en,plain,part,1.0,7076
0.5,1,en,subj_rc,det,1.0,21702
0.5,1,en,subj_rc,noun,0.9892867016864805,21702
0.5,1,en,subj_rc,rel,1.0,7234
0.5,1,en,subj_rc,verb,1.0,7145
0.5,1,en,subj_rc,aux,1.0,7234
0.5,1,en,subj_rc,part,1.0,7323
0.5,1,nl,plain,det,0.0,14318
0.5,1,nl,plain,noun,0.009882665176700656,14318
0.5,1,nl,plain,aux,0.0,7159
0.5,1,nl,plain,part,0.0,7159
0.5,1,en,obj_pp,det,1.0,16337
0.5,1,en,obj_pp,noun,0.991002019954704,16337
0.5,1,en,obj_pp,aux,1.0,10755
0.5,1,en,obj_pp,part,1.0,10755
0.5,1,en,obj_pp,prep,0.9170972980953787,6773
0.5,1,en,subj_pp+obj_pp,det,1.0,28668
0.5,1,en,subj_pp+obj_pp,noun,0.9898318682851961,28668
0.5,1,en,subj_pp+obj_pp,prep,0.9172945444397935,14334
0.5,1,en,subj_pp+obj_pp,aux,1.0,7167
0.5,1,en,subj_pp+obj_pp,part,1.0,7167
0.5,1,nl,subj_rc,det,0.0,21719
0.5,1,nl,subj_rc,noun,0.01086506146125869,21721
0.5,1,nl,subj_rc,rel,0.0,7168
0.5,1,nl,subj_rc,verb,0.0,7242
0.5,1,nl,subj_rc,aux,0.0,7311
0.5,1,nl,subj_rc,part,0.0,7249
0.5,1,en,obj_rc,det,1.0,21411
0.5,1,en,obj_rc,noun,0.9895847928634813,21411
0.5,1,en,obj_rc,aux,1.0,7137
0.5,1,en,obj_rc,part,1.0,7224
0.5,1,en,obj_rc,rel,1.0,7137
0.5,1,en,obj_rc,verb,1.0,7050
0.5,1,nl,obj_rc,det,0.0,21495
0.5,1,nl,obj_rc,noun,0.010514073040241916,21495
0.5,1,nl,obj_rc,aux,0.0,7165
0.5,1,nl,obj_rc,rel,0.0,7165
0.5,1,nl,obj_rc,verb,0.0,7165
0.5,1,nl,obj_rc,part,0.0,7165
0.5,1,nl,subj_pp,verb,0.0,92
0.5,1,en,plain,rel,1.0,14
0.5,1,nl,subj_pp,rel,0.0,6
0.5,2,en,subj_rc,det,1.0,21624
0.5,2,en,subj_rc,noun,0.9893174250832408,21624
0.5,2,en,subj_rc,rel,1.0,7208
0.5,2,en,subj_rc,verb,1.0,7121
0.5,2,en,subj_rc,aux,1.0,7208
0.5,2,en,subj_rc,part,1.0,7295
0.5,2,en,obj_rc,det,1.0,21693
0.5,2,en,obj_rc,noun,0.9894896971373254,21693
0.5,2,en,obj_rc,aux,1.0,7231
0.5,2,en,obj_rc,part,1.0,7313
0.5,2,en,obj_rc,rel,1.0,7231
0.5,2,en,obj_rc,verb,1.0,7149
0.5,2,en,subj_pp,det,1.0,21123
0.5,2,en,subj_pp,noun,0.9895138001230885,21123
0.5,2,en,subj_pp,prep,0.9154239454622923,7041
0.5,2,en,subj_pp,aux,1.0,7041
0.5,2,en,subj_pp,part,1.0,7041
0.5,2,nl,subj_pp+obj_pp,det,0.0,28500
0.5,2,nl,subj_pp+obj_pp,noun,0.010298245614035088,28500
0.5,2,nl,subj_pp+obj_pp,prep,0.08305263157894736,14250
0.5,2,nl,subj_pp+obj_pp,aux,0.0,7125
0.5,2,nl,subj_pp+obj_pp,part,0.0,7125
0.5,2,nl,subj_pp,prep,0.07067700817700817,16632
0.5,2,nl,subj_pp,det,0.0,21023
0.5,2,nl,subj_pp,noun,0.01046631456910988,15526
0.5,2,nl,subj_pp,verb,0.0,4986
0.5,2,nl,subj_pp,aux,0.0,2956
0.5,2,nl,plain,part,6.181998021760633e-05,16176
0.5,2,nl,plain,noun,0.00975609756097561,10660
0.5,2,nl,plain,aux,0.0,7121
0.5,2,nl,plain,det,0.0,7731
0.5,2,nl,subj_pp,part,0.0,2138
0.5,2,en,plain,det,1.0,14352
0.5,2,en,plain,noun,0.9903497770345596,14352
0.5,2,en,plain,aux,1.0,7176
0.5,2,en,plain,part,1.0,7176
0.5,2,nl,subj_rc,aux,0.0,14323
0.5,2,nl,subj_rc,det,0.0,21015
0.5,2,nl,subj_rc,noun,0.01257842664092664,16576
0.5,2,nl,subj_rc,rel,0.0,6583
0.5,2,nl,subj_rc,verb,0.0,4802
0.5,2,nl,subj_rc,part,0.0,7171
0.5,2,nl,obj_rc,aux,6.215426689042202e-05,16089
0.5,2,nl,obj_rc,det,0.0,19079
0.5,2,nl,obj_rc,noun,0.011940612087681211,14279
0.5,2,nl,obj_rc,rel,0.0,2604
0.5,2,nl,obj_rc,verb,0.0,6940
0.5,2,nl,obj_rc,part,0.0,10409
0.5,2,en,subj_pp+obj_pp,det,1.0,28664
0.5,2,en,subj_pp+obj_pp,noun,0.9899176667596986,28664
0.5,2,en,subj_pp+obj_pp,prep,0.9168643594753,14332
0.5,2,en,subj_pp+obj_pp,aux,1.0,7166
0.5,2,en,subj_pp+obj_pp,part,1.0,7166
0.5,2,en,obj_pp,det,1.0,21510
0.5,2,en,obj_pp,noun,0.9901441190144119,21510
0.5,2,en,obj_pp,aux,1.0,7170
0.5,2,en,obj_pp,part,1.0,7170
0.5,2,en,obj_pp,prep,0.9184797768479777,7170
0.5,2,nl,obj_pp,aux,0.00036036036036036037,2775
0.5,2,nl,obj_pp,det,0.0,5047
0.5,2,nl,obj_pp,noun,0.009245942058763099,4867
0.5,2,nl,obj_pp,prep,0.06247230837394772,2257
0.5,2,nl,obj_pp,part,0.0,381
0.5,2,nl,plain,verb,0.0,6
0.5,3,nl,subj_pp,prep,0.08605012197826568,13527
0.5,3,nl,subj_pp,det,0.0,20283
0.5,3,nl,subj_pp,noun,0.009771508338843582,13611
0.5,3,nl,subj_pp,verb,0.0,3650
0.5,3,nl,subj_pp,aux,0.0,6771
0.5,3,nl,subj_pp+obj_pp,det,0.0,28744
0.5,3,nl,subj_pp+obj_pp,noun,0.010176036738101866,28744
0.5,3,nl,subj_pp+obj_pp,prep,0.0827650988032285,14372
0.5,3,nl,subj_pp+obj_pp,aux,0.0,7186
0.5,3,nl,subj_pp+obj_pp,part,0.0,7186
0.5,3,nl,obj_rc,aux,0.0,9504
0.5,3,nl,obj_rc,det,0.0,15456
0.5,3,nl,obj_rc,noun,0.010287907869481765,13025
0.5,3,nl,obj_rc,rel,0.0,7574
0.5,3,nl,obj_rc,verb,0.0021100226073850793,6635
0.5,3,nl,obj_rc,part,0.0,8937
0.5,3,en,subj_pp+obj_pp,det,1.0,28500
0.5,3,en,subj_pp+obj_pp,noun,0.9897368421052631,28500
0.5,3,en,subj_pp+obj_pp,prep,0.9164210526315789,14250
0.5,3,en,subj_pp+obj_pp,aux,1.0,7125
0.5,3,en,subj_pp+obj_pp,part,1.0,7125
0.5,3,en,obj_rc,det,1.0,21603
0.5,3,en,obj_rc,noun,0.9897005045595519,21603
0.5,3,en,obj_rc,aux,1.0,7201
0.5,3,en,obj_rc,part,1.0,7283
0.5,3,en,obj_rc,rel,1.0,7201
0.5,3,en,obj_rc,verb,1.0,7119
0.5,3,en,plain,det,1.0,14424
0.5,3,en,plain,noun,0.9900859678313921,14424
0.5,3,en,plain,aux,1.0,7212
0.5,3,en,plain,part,1.0,7212
0.5,3,nl,obj_pp,aux,8.336807002917882e-05,11995
0.5,3,nl,obj_pp,det,0.0,20585
0.5,3,nl,obj_pp,noun,0.00960030416805285,21041
0.5,3,nl,obj_pp,prep,0.07973994958206183,7537
0.5,3,en,subj_rc,det,1.0,21660
0.5,3,en,subj_rc,noun,0.9892659279778393,21660
0.5,3,en,subj_rc,rel,1.0,7220
0.5,3,en,subj_rc,verb,1.0,7129
0.5,3,en,subj_rc,aux,1.0,7220
0.5,3,en,subj_rc,part,1.0,7311
0.5,3,en,subj_pp,det,1.0,21165
0.5,3,en,subj_pp,noun,0.9897708480982754,21165
0.5,3,en,subj_pp,prep,0.9155209071580439,7055
0.5,3,en,subj_pp,aux,1.0,7055
0.5,3,en,subj_pp,part,1.0,7055
0.5,3,en,obj_pp,det,1.0,21537
0.5,3,en,obj_pp,noun,0.9901100431815016,21537
0.5,3,en,obj_pp,aux,1.0,7179
0.5,3,en,obj_pp,part,1.0,7179
0.5,3,en,obj_pp,prep,0.917746204206714,7179
0.5,3,nl,subj_rc,rel,0.0,14506
0.5,3,nl,subj_rc,det,0.0,21632
0.5,3,nl,subj_rc,noun,0.011213151352174133,19709
0.5,3,nl,subj_rc,aux,0.0,7235
0.5,3,nl,subj_rc,part,0.0,7231
0.5,3,nl,subj_pp,part,0.0,3124
0.5,3,nl,subj_rc,verb,0.0,1987
0.5,3,nl,obj_pp,part,0.0,3089
0.5,3,nl,obj_rc,prep,0.10204081632653061,49
0.5,3,nl,obj_pp,rel,0.0,25
0.5,3,nl,obj_pp,verb,0.06666666666666667,15
0.75,1,nl,subj_pp+obj_pp,det,0.0,28548
0.75,1,nl,subj_pp+obj_pp,noun,0.010386016533557517,28548
0.75,1,nl,subj_pp+obj_pp,prep,0.08389379291018635,14274
0.75,1,nl,subj_pp+obj_pp,aux,0.0,7137
0.75,1,nl,subj_pp+obj_pp,part,0.0,7137
0.75,1,nl,obj_pp,aux,0.0011876484560570072,6736
0.75,1,nl,obj_pp,det,0.0,17817
0.75,1,nl,obj_pp,noun,0.010291692727582874,17587
0.75,1,nl,obj_pp,prep,0.07536803925752081,9374
0.75,1,nl,obj_pp,part,0.0,2430
0.75,1,en,subj_pp,det,1.0,21231
0.75,1,en,subj_pp,noun,0.9895671423861335,21231
0.75,1,en,subj_pp,prep,0.9161367811219443,7077
0.75,1,en,subj_pp,aux,1.0,7077
0.75,1,en,subj_pp,part,1.0,7077
0.75,1,en,plain,det,1.0,14330
0.75,1,en,plain,noun,0.9903698534542917,14330
0.75,1,en,plain,aux,1.0,7165
0.75,1,en,plain,part,1.0,7165
0.75,1,en,subj_rc,det,1.0,21702
0.75,1,en,subj_rc,noun,0.9892867016864805,21702
0.75,1,en,subj_rc,rel,1.0,7234
0.75,1,en,subj_rc,verb,1.0,7145
0.75,1,en,subj_rc,aux,1.0,7234
0.75,1,en,subj_rc,part,1.0,7323
0.75,1,en,obj_pp,det,1.0,21636
0.75,1,en,obj_pp,noun,0.990293954520244,21636
0.75,1,en,obj_pp,aux,1.0,7212
0.75,1,en,obj_pp,part,1.0,7212
0.75,1,en,obj_pp,prep,0.918191902384914,7212
0.75,1,en,subj_pp+obj_pp,det,1.0,28668
0.75,1,en,subj_pp+obj_pp,noun,0.9898318682851961,28668
0.75,1,en,subj_pp+obj_pp,prep,0.9172945444397935,14334
0.75,1,en,subj_pp+obj_pp,aux,1.0,7167
0.75,1,en,subj_pp+obj_pp,part,1.0,7167
0.75,1,nl,plain,aux,0.00035075412136092597,5702
0.75,1,nl,plain,det,0.0,8648
0.75,1,nl,plain,noun,0.00994493763344196,8899
0.75,1,nl,plain,part,0.0,4318
0.75,1,nl,subj_pp,prep,0.08630173743878715,14907
0.75,1,nl,subj_pp,det,0.0,20685
0.75,1,nl,subj_pp,noun,0.009980613197386372,13927
0.75,1,nl,subj_pp,aux,0.0,5651
0.75,1,nl,subj_pp,part,0.0,600
0.75,1,nl,subj_pp,verb,0.0,6365
0.75,1,nl,subj_rc,aux,0.0,14488
0.75,1,nl,subj_rc,det,0.0,21658
0.75,1,nl,subj_rc,rel,0.0,7063
0.75,1,nl,subj_rc,noun,0.015614082235958076,18605
0.75,1,nl,subj_rc,verb,0.0006178560395427865,3237
0.75,1,nl,subj_rc,part,0.0,7379
0.75,1,en,obj_rc,det,1.0,21411
0.75,1,en,obj_rc,noun,0.9895847928634813,21411
0.75,1,en,obj_rc,aux,1.0,7137
0.75,1,en,obj_rc,part,1.0,7224
0.75,1,en,obj_rc,rel,1.0,7137
0.75,1,en,obj_rc,verb,1.0,7050
0.75,1,nl,obj_rc,aux,0.0,15941
0.75,1,nl,obj_rc,det,0.0,18961
0.75,1,nl,obj_rc,noun,0.012461903149339655,14765
0.75,1,nl,obj_rc,verb,0.0,7145
0.75,1,nl,obj_rc,part,0.0,12059
0.75,1,nl,obj_rc,rel,0.0,2579
0.75,1,nl,plain,verb,0.0,127
0.75,1,nl,obj_pp,rel,0.875,16
0.75,1,nl,obj_pp,verb,0.0,4
0.75,1,nl,plain,prep,0.0,8
0.75,1,nl,subj_pp,rel,1.0,10
0.75,2,en,subj_rc,det,1.0,21624
0.75,2,en,subj_rc,noun,0.9893174250832408,21624
0.75,2,en,subj_rc,rel,1.0,7208
0.75,2,en,subj_rc,verb,1.0,7121
0.75,2,en,subj_rc,aux,1.0,7208
0.75,2,en,subj_rc,part,1.0,7295
0.75,2,en,obj_rc,det,1.0,21693
0.75,2,en,obj_rc,noun,0.9894896971373254,21693
0.75,2,en,obj_rc,aux,1.0,7231
0.75,2,en,obj_rc,part,1.0,7313
0.75,2,en,obj_rc,rel,1.0,7231
0.75,2,en,obj_rc,verb,1.0,7149
0.75,2,en,subj_pp,det,1.0,21123
0.75,2,en,subj_pp,noun,0.9895138001230885,21123
0.75,2,en,subj_pp,prep,0.9154239454622923,7041
0.75,2,en,subj_pp,aux,1.0,7041
0.75,2,en,subj_pp,part,1.0,7041
0.75,2,nl,subj_pp+obj_pp,det,0.0,28500
0.75,2,nl,subj_pp+obj_pp,noun,0.010298245614035088,28500
0.75,2,nl,subj_pp+obj_pp,prep,0.08305263157894736,14250
0.75,2,nl,subj_pp+obj_pp,aux,0.0,7125
0.75,2,nl,subj_pp+obj_pp,part,0.0,7125
0.75,2,nl,subj_pp,det,0.0,15542
0.75,2,nl,subj_pp,noun,0.011285704773952993,15019
0.75,2,nl,subj_pp,prep,0.09057111216579655,6321
0.75,2,nl,subj_pp,aux,0.0,5186
0.75,2,nl,subj_pp,part,0.0,4908
0.75,2,nl,obj_pp,aux,0.0,9036
0.75,2,nl,obj_pp,det,0.0,16263
0.75,2,nl,obj_pp,noun,0.00970782869272069,16018
0.75,2,nl,obj_pp,prep,0.09241216415707115,6774
0.75,2,en,plain,det,1.0,3561
0.75,2,en,plain,noun,0.988767200224656,3561
0.75,2,en,plain,aux,1.0,1844
0.75,2,en,plain,part,1.0,1844
0.75,2,nl,subj_rc,verb,0.0,9793
0.75,2,nl,subj_rc,rel,0.0,12556
0.75,2,nl,subj_rc,det,0.0,16073
0.75,2,nl,subj_rc,noun,0.010561440029388355,16333
0.75,2,nl,subj_rc,aux,0.0,8379
0.75,2,nl,subj_rc,part,0.0,9036
0.75,2,nl,obj_rc,aux,0.0,8195
0.75,2,nl,obj_rc,det,0.0,19546
0.75,2,nl,obj_rc,noun,0.010324308241594764,16805
0.75,2,nl,obj_rc,part,0.0,11634
0.75,2,nl,obj_rc,rel,0.0,6244
0.75,2,nl,obj_rc,verb,0.0011289867344058708,7086
0.75,2,en,subj_pp+obj_pp,det,1.0,28664
0.75,2,en,subj_pp+obj_pp,noun,0.9899176667596986,28664
0.75,2,en,subj_pp+obj_pp,prep,0.9168643594753,14332
0.75,2,en,subj_pp+obj_pp,aux,1.0,7166
0.75,2,en,subj_pp+obj_pp,part,1.0,7166
0.75,2,nl,subj_pp,verb,0.0,1039
0.75,2,nl,plain,part,0.0,3484
0.75,2,nl,plain,noun,0.007589025102159953,1713
0.75,2,nl,plain,aux,0.0,1289
0.75,2,nl,plain,det,0.0,1320
0.75,2,en,obj_pp,det,1.0,20253
0.75,2,en,obj_pp,noun,0.9899521058608601,20253
0.75,2,en,obj_pp,aux,1.0,6815
0.75,2,en,obj_pp,part,0.9997060120535058,6803
0.75,2,en,obj_pp,prep,0.914441658061661,6779
0.75,2,nl,obj_pp,part,0.0,813
0.75,2,en,plain,verb,1.0,2
0.75,2,nl,obj_pp,rel,1.0,1
0.75,2,nl,obj_pp,verb,0.0,1
0.75,3,nl,subj_pp+obj_pp,det,0.0,28744
0.75,3,nl,subj_pp+obj_pp,noun,0.010176036738101866,28744
0.75,3,nl,subj_pp+obj_pp,prep,0.0827650988032285,14372
0.75,3,nl,subj_pp+obj_pp,aux,0.0,7186
0.75,3,nl,subj_pp+obj_pp,part,0.0,7186
0.75,3,nl,obj_rc,aux,0.0,8645
0.75,3,nl,obj_rc,det,0.0,15737
0.75,3,nl,obj_rc,noun,0.02186012204117213,14913
0.75,3,nl,obj_rc,part,0.0,17836
0.75,3,nl,obj_rc,rel,0.0,7078
0.75,3,nl,obj_rc,verb,0.0,6780
0.75,3,en,subj_pp+obj_pp,det,1.0,28500
0.75,3,en,subj_pp+obj_pp,noun,0.9897368421052631,28500
0.75,3,en,subj_pp+obj_pp,prep,0.9164210526315789,14250
0.75,3,en,subj_pp+obj_pp,aux,1.0,7125
0.75,3,en,subj_pp+obj_pp,part,1.0,7125
0.75,3,en,obj_rc,det,1.0,21603
0.75,3,en,obj_rc,noun,0.9897005045595519,21603
0.75,3,en,obj_rc,aux,1.0,7201
0.75,3,en,obj_rc,part,1.0,7283
0.75,3,en,obj_rc,rel,1.0,7201
0.75,3,en,obj_rc,verb,1.0,7119
0.75,3,en,plain,det,1.0,14424
0.75,3,en,plain,noun,0.9900859678313921,14424
0.75,3,en,plain,aux,1.0,7212
0.75,3,en,plain,part,1.0,7212
0.75,3,nl,obj_pp,aux,0.0,12571
0.75,3,nl,obj_pp,det,0.0,21567
0.75,3,nl,obj_pp,noun,0.009905353994618168,21554
0.75,3,nl,obj_pp,prep,0.06986438417074255,8996
0.75,3,en,subj_rc,det,1.0,21660
0.75,3,en,subj_rc,noun,0.9892659279778393,21660
0.75,3,en,subj_rc,rel,1.0,7220
0.75,3,en,subj_rc,verb,1.0,7129
0.75,3,en,subj_rc,aux,1.0,7220
0.75,3,en,subj_rc,part,1.0,7311
0.75,3,en,subj_pp,det,1.0,21165
0.75,3,en,subj_pp,noun,0.9897708480982754,21165
0.75,3,en,subj_pp,prep,0.9155209071580439,7055
0.75,3,en,subj_pp,aux,1.0,7055
0.75,3,en,subj_pp,part,1.0,7055
0.75,3,en,obj_pp,det,1.0,19275
0.75,3,en,obj_pp,noun,0.9911538860641278,19274
0.75,3,en,obj_pp,aux,1.0,9438
0.75,3,en,obj_pp,part,1.0,9426
0.75,3,en,obj_pp,prep,0.9170955626651829,7189
0.75,3,nl,subj_rc,aux,0.0,14561
0.75,3,nl,subj_rc,rel,0.0,9839
0.75,3,nl,subj_rc,det,0.0,17904
0.75,3,nl,subj_rc,noun,0.012616165982277935,18508
0.75,3,nl,subj_rc,verb,0.0,3287
0.75,3,nl,subj_rc,part,0.0,7985
0.75,3,nl,subj_pp,prep,0.0940032414910859,617
0.75,3,nl,subj_pp,det,0.0,1763
0.75,3,nl,subj_pp,noun,0.005723630417007359,1223
0.75,3,nl,subj_pp,aux,0.0,1100
0.75,3,nl,subj_pp,part,0.0,424
0.75,3,nl,subj_pp,verb,0.0,165
0.75,3,nl,subj_rc,prep,0.0,6
0.75,3,nl,obj_pp,part,0.0,13
0.75,3,nl,obj_rc,prep,0.0,1
0.99,1,nl,subj_pp+obj_pp,det,0.0,28564
0.99,1,nl,subj_pp+obj_pp,noun,0.008874807449936984,28564
0.99,1,nl,subj_pp+obj_pp,prep,0.08412687298697662,14282
0.99,1,nl,subj_pp+obj_pp,aux,0.0,7141
0.99,1,nl,subj_pp+obj_pp,part,0.0,7141
0.99,1,nl,subj_pp,det,0.0,18231
0.99,1,nl,subj_pp,noun,0.010114237949289496,17945
0.99,1,nl,subj_pp,prep,0.0708124652198108,7188
0.99,1,nl,subj_pp,aux,0.0,5396
0.99,1,nl,subj_pp,part,0.0,5397
0.99,1,nl,obj_pp,det,0.0,21678
0.99,1,nl,obj_pp,noun,0.009110619060798967,21678
0.99,1,nl,obj_pp,aux,0.0,7226
0.99,1,nl,obj_pp,prep,0.08241073899806255,7226
0.99,1,nl,obj_pp,part,0.0,7226
0.99,1,en,subj_pp,det,1.0,21231
0.99,1,en,subj_pp,noun,0.9895671423861335,21231
0.99,1,en,subj_pp,prep,0.9161367811219443,7077
0.99,1,en,subj_pp,aux,1.0,7077
0.99,1,en,subj_pp,part,1.0,7077
0.99,1,en,plain,det,1.0,14330
0.99,1,en,plain,noun,0.9903698534542917,14330
0.99,1,en,plain,aux,1.0,7165
0.99,1,en,plain,part,1.0,7165
0.99,1,en,subj_rc,det,1.0,21702
0.99,1,en,subj_rc,noun,0.9892867016864805,21702
0.99,1,en,subj_rc,rel,1.0,7234
0.99,1,en,subj_rc,verb,1.0,7145
0.99,1,en,subj_rc,aux,1.0,7234
0.99,1,en,subj_rc,part,1.0,7323
0.99,1,nl,plain,det,0.0,14288
0.99,1,nl,plain,noun,0.009880594930521612,14321
0.99,1,nl,plain,aux,0.0,7156
0.99,1,nl,plain,part,0.0,7171
0.99,1,en,obj_pp,det,1.0,21636
0.99,1,en,obj_pp,noun,0.990293954520244,21636
0.99,1,en,obj_pp,aux,1.0,7212
0.99,1,en,obj_pp,part,1.0,7212
0.99,1,en,obj_pp,prep,0.918191902384914,7212
0.99,1,en,subj_pp+obj_pp,det,1.0,28668
0.99,1,en,subj_pp+obj_pp,noun,0.9898318682851961,28668
0.99,1,en,subj_pp+obj_pp,prep,0.9172945444397935,14334
0.99,1,en,subj_pp+obj_pp,aux,1.0,7167
0.99,1,en,subj_pp+obj_pp,part,1.0,7167
0.99,1,nl,subj_pp,verb,0.0,536
0.99,1,nl,subj_rc,rel,0.0,11913
0.99,1,nl,subj_rc,det,0.0,20777
0.99,1,nl,subj_rc,noun,0.01293791678407063,21294
0.99,1,nl,subj_rc,verb,0.0,3802
0.99,1,nl,subj_rc,aux,0.0,7295
0.99,1,nl,subj_rc,part,0.0,7378
0.99,1,en,obj_rc,det,1.0,21411
0.99,1,en,obj_rc,noun,0.9895847928634813,21411
0.99,1,en,obj_rc,aux,1.0,7137
0.99,1,en,obj_rc,part,1.0,7224
0.99,1,en,obj_rc,rel,1.0,7137
0.99,1,en,obj_rc,verb,1.0,7050
0.99,1,nl,obj_rc,det,0.0,21489
0.99,1,nl,obj_rc,noun,0.010513094850444249,21497
0.99,1,nl,obj_rc,aux,0.0,7165
0.99,1,nl,obj_rc,rel,0.0,7165
0.99,1,nl,obj_rc,verb,0.0,7165
0.99,1,nl,obj_rc,part,0.0,7169
0.99,1,nl,subj_rc,prep,0.0,1
0.99,2,en,subj_rc,det,1.0,21624
0.99,2,en,subj_rc,noun,0.9893174250832408,21624
0.99,2,en,subj_rc,rel,1.0,7208
0.99,2,en,subj_rc,verb,1.0,7121
0.99,2,en,subj_rc,aux,1.0,7208
0.99,2,en,subj_rc,part,1.0,7295
0.99,2,en,obj_rc,det,1.0,21693
0.99,2,en,obj_rc,noun,0.9894896971373254,21693
0.99,2,en,obj_rc,aux,1.0,7231
0.99,2,en,obj_rc,part,1.0,7313
0.99,2,en,obj_rc,rel,1.0,7231
0.99,2,en,obj_rc,verb,1.0,7149
0.99,2,en,subj_pp,det,1.0,21123
0.99,2,en,subj_pp,noun,0.9895138001230885,21123
0.99,2,en,subj_pp,prep,0.9154239454622923,7041
0.99,2,en,subj_pp,aux,1.0,7041
0.99,2,en,subj_pp,part,1.0,7041
0.99,2,nl,subj_pp+obj_pp,det,0.0,28500
0.99,2,nl,subj_pp+obj_pp,noun,0.010298245614035088,28500
0.99,2,nl,subj_pp+obj_pp,prep,0.08305263157894736,14250
0.99,2,nl,subj_pp+obj_pp,aux,0.0,7125
0.99,2,nl,subj_pp+obj_pp,part,0.0,7125
0.99,2,nl,subj_pp,det,0.0,11418
0.99,2,nl,subj_pp,noun,0.010086324398000909,11005
0.99,2,nl,subj_pp,prep,0.12237945492662473,3816
0.99,2,nl,subj_pp,aux,0.0,4229
0.99,2,nl,subj_pp,part,0.0,3400
0.99,2,nl,obj_pp,det,0.0,21672
0.99,2,nl,obj_pp,noun,0.0095523765574527,21670
0.99,2,nl,obj_pp,aux,0.0,11471
0.99,2,nl,obj_pp,prep,0.08357507943086062,7239
0.99,2,nl,obj_pp,part,0.0,2964
0.99,2,nl,plain,part,0.0,13278
0.99,2,nl,plain,det,0.0,12781
0.99,2,nl,plain,noun,0.010008601141606068,12789
0.99,2,en,plain,det,1.0,14352
0.99,2,en,plain,noun,0.9903497770345596,14352
0.99,2,en,plain,aux,1.0,7176
0.99,2,en,plain,part,1.0,7176
0.99,2,nl,subj_rc,aux,0.0,12980
0.99,2,nl,subj_rc,det,0.001522140221402214,21680
0.99,2,nl,subj_rc,noun,0.011478824346216153,21605
0.99,2,nl,subj_rc,verb,0.0,6286
0.99,2,nl,subj_rc,part,0.00041379310344827585,7250
0.99,2,nl,obj_rc,det,0.0012947562372391814,20081
0.99,2,nl,obj_rc,noun,0.009810333551340745,19877
0.99,2,nl,obj_rc,aux,0.0,9443
0.99,2,nl,obj_rc,rel,0.00013886960144424384,7201
0.99,2,nl,obj_rc,verb,0.0,6771
0.99,2,nl,obj_rc,part,0.0,8626
0.99,2,nl,plain,aux,0.0,1112
0.99,2,en,subj_pp+obj_pp,det,1.0,28664
0.99,2,en,subj_pp+obj_pp,noun,0.9899176667596986,28664
0.99,2,en,subj_pp+obj_pp,prep,0.9168643594753,14332
0.99,2,en,subj_pp+obj_pp,aux,1.0,7166
0.99,2,en,subj_pp+obj_pp,part,1.0,7166
0.99,2,nl,subj_rc,rel,0.0,2499
0.99,2,en,obj_pp,det,1.0,21510
0.99,2,en,obj_pp,noun,0.9901441190144119,21510
0.99,2,en,obj_pp,aux,1.0,7170
0.99,2,en,obj_pp,part,1.0,7170
0.99,2,en,obj_pp,prep,0.9184797768479777,7170
0.99,2,nl,subj_pp,verb,0.0,413
0.99,2,nl,obj_rc,prep,0.0,1
0.99,3,nl,subj_pp,det,0.010229496530866394,11242
0.99,3,nl,subj_pp,noun,0.014810160667803609,11141
0.99,3,nl,subj_pp,prep,0.11090225563909774,5320
0.99,3,nl,subj_pp,aux,0.0,3141
0.99,3,nl,subj_pp,part,0.0005841121495327102,3424
0.99,3,nl,subj_pp+obj_pp,det,0.0,28744
0.99,3,nl,subj_pp+obj_pp,noun,0.010176036738101866,28744
0.99,3,nl,subj_pp+obj_pp,prep,0.0827650988032285,14372
0.99,3,nl,subj_pp+obj_pp,aux,0.0,7186
0.99,3,nl,subj_pp+obj_pp,part,0.0,7186
0.99,3,nl,obj_rc,aux,0.0,18879
0.99,3,nl,obj_rc,det,0.0,21481
0.99,3,nl,obj_rc,noun,0.013398553806890685,14106
0.99,3,nl,obj_rc,verb,0.00013614703880190606,7345
0.99,3,nl,obj_rc,part,0.0,7282
0.99,3,nl,plain,aux,0.0,7123
0.99,3,nl,plain,det,0.0,14074
0.99,3,nl,plain,noun,0.010130348540663078,14116
0.99,3,nl,plain,part,0.0,7065
0.99,3,en,subj_pp+obj_pp,det,1.0,28500
0.99,3,en,subj_pp+obj_pp,noun,0.9897368421052631,28500
0.99,3,en,subj_pp+obj_pp,prep,0.9164210526315789,14250
0.99,3,en,subj_pp+obj_pp,aux,1.0,7125
0.99,3,en,subj_pp+obj_pp,part,1.0,7125
0.99,3,en,obj_rc,det,1.0,21603
0.99,3,en,obj_rc,noun,0.9897005045595519,21603
0.99,3,en,obj_rc,aux,1.0,7201
0.99,3,en,obj_rc,part,1.0,7283
0.99,3,en,obj_rc,rel,1.0,7201
0.99,3,en,obj_rc,verb,1.0,7119
0.99,3,en,plain,det,1.0,14420
0.99,3,en,plain,noun,0.9900832177531207,14420
0.99,3,en,plain,aux,1.0,7210
0.99,3,en,plain,part,1.0,7210
0.99,3,nl,obj_pp,prep,0.08998367180324524,19598
0.99,3,nl,obj_pp,det,0.028146574614976102,20713
0.99,3,nl,obj_pp,noun,0.01060847711565415,20691
0.99,3,en,subj_rc,det,1.0,21660
0.99,3,en,subj_rc,noun,0.9892659279778393,21660
0.99,3,en,subj_rc,rel,1.0,7220
0.99,3,en,subj_rc,verb,1.0,7129
0.99,3,en,subj_rc,aux,1.0,7220
0.99,3,en,subj_rc,part,1.0,7311
0.99,3,en,subj_pp,det,1.0,21165
0.99,3,en,subj_pp,noun,0.9897708480982754,21165
0.99,3,en,subj_pp,prep,0.9155209071580439,7055
0.99,3,en,subj_pp,aux,1.0,7055
0.99,3,en,subj_pp,part,1.0,7055
0.99,3,en,obj_pp,det,1.0,21537
0.99,3,en,obj_pp,noun,0.9901100431815016,21537
0.99,3,en,obj_pp,aux,1.0,7179
0.99,3,en,obj_pp,part,1.0,7179
0.99,3,en,obj_pp,prep,0.917746204206714,7179
0.99,3,nl,subj_rc,rel,0.0,14399
0.99,3,nl,subj_rc,det,0.0,16136
0.99,3,nl,subj_rc,noun,0.011773940345368918,15925
0.99,3,nl,subj_rc,verb,8.966197435667533e-05,11153
0.99,3,nl,subj_rc,aux,0.0,7343
0.99,3,nl,subj_rc,part,0.00027129679869777537,7372
0.99,3,nl,obj_pp,part,0.0,1043
0.99,3,nl,obj_rc,rel,0.0,2546
0.99,3,nl,subj_pp,verb,0.003386004514672686,886
0.99,3,nl,obj_pp,aux,0.0,118
0.99,3,nl,subj_rc,prep,1.0,2
0.99,3,nl,obj_rc,prep,0.0,1
0.9,1,nl,subj_pp+obj_pp,det,0.0,28564
0.9,1,nl,subj_pp+obj_pp,noun,0.010380198851701442,28564
0.9,1,nl,subj_pp+obj_pp,prep,0.08412687298697662,14282
0.9,1,nl,subj_pp+obj_pp,aux,0.0,7141
0.9,1,nl,subj_pp+obj_pp,part,0.0,7141
0.9,1,nl,subj_pp,prep,0.090507467354758,12789
0.9,1,nl,subj_pp,det,0.0,20893
0.9,1,nl,subj_pp,noun,0.010546437281655791,15171
0.9,1,nl,subj_pp,aux,0.0,6880
0.9,1,nl,subj_pp,part,0.0,6481
0.9,1,nl,obj_pp,det,0.0,17343
0.9,1,nl,obj_pp,noun,0.010851997229277302,17324
0.9,1,nl,obj_pp,aux,0.0,5821
0.9,1,nl,obj_pp,prep,0.08547008547008547,5967
0.9,1,nl,obj_pp,part,0.0,5906
0.9,1,en,subj_pp,det,1.0,21231
0.9,1,en,subj_pp,noun,0.9895671423861335,21231
0.9,1,en,subj_pp,prep,0.9161367811219443,7077
0.9,1,en,subj_pp,aux,1.0,7077
0.9,1,en,subj_pp,part,1.0,7077
0.9,1,en,plain,det,1.0,14330
0.9,1,en,plain,noun,0.9903698534542917,14330
0.9,1,en,plain,aux,1.0,7165
0.9,1,en,plain,part,1.0,7165
0.9,1,en,subj_rc,det,1.0,21702
0.9,1,en,subj_rc,noun,0.9892867016864805,21702
0.9,1,en,subj_rc,rel,1.0,7234
0.9,1,en,subj_rc,verb,1.0,7145
0.9,1,en,subj_rc,aux,1.0,7234
0.9,1,en,subj_rc,part,1.0,7323
0.9,1,nl,plain,aux,0.0,7116
0.9,1,nl,plain,det,0.0,14027
0.9,1,nl,plain,noun,0.00986401747340238,14193
0.9,1,nl,plain,part,0.0,7360
0.9,1,en,obj_pp,det,1.0,21636
0.9,1,en,obj_pp,noun,0.990293954520244,21636
0.9,1,en,obj_pp,aux,1.0,7212
0.9,1,en,obj_pp,part,1.0,7212
0.9,1,en,obj_pp,prep,0.918191902384914,7212
0.9,1,en,subj_pp+obj_pp,det,1.0,28668
0.9,1,en,subj_pp+obj_pp,noun,0.9898318682851961,28668
0.9,1,en,subj_pp+obj_pp,prep,0.9172945444397935,14334
0.9,1,en,subj_pp+obj_pp,aux,1.0,7167
0.9,1,en,subj_pp+obj_pp,part,1.0,7167
0.9,1,nl,subj_rc,det,0.0,20568
0.9,1,nl,subj_rc,noun,0.011090033561943675,20559
0.9,1,nl,subj_rc,rel,0.0,6663
0.9,1,nl,subj_rc,verb,0.0,6873
0.9,1,nl,subj_rc,aux,0.0,7096
0.9,1,nl,subj_rc,part,0.0,6921
0.9,1,en,obj_rc,det,1.0,21411
0.9,1,en,obj_rc,noun,0.9895847928634813,21411
0.9,1,en,obj_rc,aux,1.0,7137
0.9,1,en,obj_rc,part,1.0,7224
0.9,1,en,obj_rc,rel,1.0,7137
0.9,1,en,obj_rc,verb,1.0,7050
0.9,1,nl,obj_rc,det,0.0,21316
0.9,1,nl,obj_rc,noun,0.01065136271314534,21171
0.9,1,nl,obj_rc,aux,0.0,7150
0.9,1,nl,obj_rc,rel,0.0,7149
0.9,1,nl,obj_rc,verb,0.0,7153
0.9,1,nl,obj_rc,part,0.0,7561
0.9,1,nl,subj_pp,verb,0.0,552
0.9,1,nl,obj_pp,verb,0.0,1
0.9,2,en,subj_rc,det,1.0,21624
0.9,2,en,subj_rc,noun,0.9893174250832408,21624
0.9,2,en,subj_rc,rel,1.0,7208
0.9,2,en,subj_rc,verb,1.0,7121
0.9,2,en,subj_rc,aux,1.0,7208
0.9,2,en,subj_rc,part,1.0,7295
0.9,2,en,obj_rc,det,1.0,21693
0.9,2,en,obj_rc,noun,0.9894896971373254,21693
0.9,2,en,obj_rc,aux,1.0,7231
0.9,2,en,obj_rc,part,1.0,7313
0.9,2,en,obj_rc,rel,1.0,7231
0.9,2,en,obj_rc,verb,1.0,7149
0.9,2,en,subj_pp,det,1.0,21123
0.9,2,en,subj_pp,noun,0.9895138001230885,21123
0.9,2,en,subj_pp,prep,0.9154239454622923,7041
0.9,2,en,subj_pp,aux,1.0,7041
0.9,2,en,subj_pp,part,1.0,7041
0.9,2,nl,subj_pp+obj_pp,det,0.0,28500
0.9,2,nl,subj_pp+obj_pp,noun,0.010298245614035088,28500
0.9,2,nl,subj_pp+obj_pp,prep,0.08305263157894736,14250
0.9,2,nl,subj_pp+obj_pp,aux,0.0,7125
0.9,2,nl,subj_pp+obj_pp,part,0.0,7125
0.9,2,nl,subj_pp,aux,0.0,12696
0.9,2,nl,subj_pp,det,0.0,19384
0.9,2,nl,subj_pp,noun,0.010440481633897271,13122
0.9,2,nl,subj_pp,prep,0.0856259659969088,6470
0.9,2,nl,subj_pp,verb,0.0,6042
0.9,2,nl,plain,part,0.0,11395
0.9,2,nl,plain,noun,0.007734350830153656,9697
0.9,2,nl,plain,aux,0.0,5513
0.9,2,nl,plain,det,0.0,9976
0.9,2,nl,obj_pp,aux,0.0,12712
0.9,2,nl,obj_pp,det,0.0,21420
0.9,2,nl,obj_pp,noun,0.009284556610326464,21595
0.9,2,nl,obj_pp,prep,0.09706331045003815,7866
0.9,2,en,plain,det,1.0,14352
0.9,2,en,plain,noun,0.9903497770345596,14352
0.9,2,en,plain,aux,1.0,7176
0.9,2,en,plain,part,1.0,7176
0.9,2,nl,subj_rc,aux,0.0,13561
0.9,2,nl,subj_rc,det,0.0,21146
0.9,2,nl,subj_rc,noun,0.010587247315697918,16671
0.9,2,nl,subj_rc,rel,0.0,7513
0.9,2,nl,subj_rc,verb,0.0,5349
0.9,2,nl,subj_rc,part,0.0,7460
0.9,2,nl,obj_rc,aux,0.0,13540
0.9,2,nl,obj_rc,det,0.0,21237
0.9,2,nl,obj_rc,noun,0.010705737757940358,15459
0.9,2,nl,obj_rc,rel,0.0,6713
0.9,2,nl,obj_rc,verb,0.0,7118
0.9,2,nl,obj_rc,part,0.0,7721
0.9,2,en,subj_pp+obj_pp,det,1.0,28664
0.9,2,en,subj_pp+obj_pp,noun,0.9899176667596986,28664
0.9,2,en,subj_pp+obj_pp,prep,0.9168643594753,14332
0.9,2,en,subj_pp+obj_pp,aux,1.0,7166
0.9,2,en,subj_pp+obj_pp,part,1.0,7166
0.9,2,nl,subj_pp,part,0.0,444
0.9,2,nl,obj_pp,part,0.0,949
0.9,2,en,obj_pp,det,1.0,21510
0.9,2,en,obj_pp,noun,0.9901441190144119,21510
0.9,2,en,obj_pp,aux,1.0,7170
0.9,2,en,obj_pp,part,1.0,7170
0.9,2,en,obj_pp,prep,0.9184797768479777,7170
0.9,2,nl,obj_pp,verb,0.0,60
0.9,2,nl,obj_rc,prep,0.0,2
0.9,2,nl,plain,verb,0.0,1
0.9,3,nl,subj_pp,aux,0.0,8287
0.9,3,nl,subj_pp,det,0.0,16833
0.9,3,nl,subj_pp,prep,0.08203942297103843,9081
0.9,3,nl,subj_pp,noun,0.008601010924506767,12266
0.9,3,nl,subj_pp,part,0.0,4047
0.9,3,nl,subj_pp+obj_pp,det,0.0,28744
0.9,3,nl,subj_pp+obj_pp,noun,0.010176036738101866,28744
0.9,3,nl,subj_pp+obj_pp,prep,0.0827650988032285,14372
0.9,3,nl,subj_pp+obj_pp,aux,0.0,7186
0.9,3,nl,subj_pp+obj_pp,part,0.0,7186
0.9,3,nl,obj_rc,aux,0.0,14266
0.9,3,nl,obj_rc,det,0.0,20848
0.9,3,nl,obj_rc,noun,0.01346370111208297,16006
0.9,3,nl,obj_rc,rel,0.0,5223
0.9,3,nl,obj_rc,verb,0.0,6813
0.9,3,nl,obj_rc,part,0.0,8144
0.9,3,nl,plain,part,0.0,12686
0.9,3,nl,plain,noun,0.008968609865470852,10704
0.9,3,nl,plain,aux,0.0,9081
0.9,3,nl,plain,det,0.0,9752
0.9,3,en,subj_pp+obj_pp,det,1.0,28500
0.9,3,en,subj_pp+obj_pp,noun,0.9897368421052631,28500
0.9,3,en,subj_pp+obj_pp,prep,0.9164210526315789,14250
0.9,3,en,subj_pp+obj_pp,aux,1.0,7125
0.9,3,en,subj_pp+obj_pp,part,1.0,7125
0.9,3,en,obj_rc,det,1.0,21603
0.9,3,en,obj_rc,noun,0.9897005045595519,21603
0.9,3,en,obj_rc,aux,1.0,7201
0.9,3,en,obj_rc,part,1.0,7283
0.9,3,en,obj_rc,rel,1.0,7201
0.9,3,en,obj_rc,verb,1.0,7119
0.9,3,en,plain,det,1.0,14424
0.9,3,en,plain,noun,0.9900859678313921,14424
0.9,3,en,plain,aux,1.0,7212
0.9,3,en,plain,part,1.0,7212
0.9,3,nl,subj_pp,verb,0.0,2919
0.9,3,nl,obj_pp,prep,0.10999593109995931,14746
0.9,3,nl,obj_pp,det,0.0,21384
0.9,3,nl,obj_pp,noun,0.009921658769995779,21317
0.9,3,nl,obj_pp,aux,0.0,6410
0.9,3,en,subj_rc,det,1.0,21660
0.9,3,en,subj_rc,noun,0.9892659279778393,21660
0.9,3,en,subj_rc,rel,1.0,7220
0.9,3,en,subj_rc,verb,1.0,7129
0.9,3,en,subj_rc,aux,1.0,7220
0.9,3,en,subj_rc,part,1.0,7311
0.9,3,en,subj_pp,det,1.0,21165
0.9,3,en,subj_pp,noun,0.9897708480982754,21165
0.9,3,en,subj_pp,prep,0.9155209071580439,7055
0.9,3,en,subj_pp,aux,1.0,7055
0.9,3,en,subj_pp,part,1.0,7055
0.9,3,en,obj_pp,det,1.0,21537
0.9,3,en,obj_pp,noun,0.9901100431815016,21537
0.9,3,en,obj_pp,aux,1.0,7179
0.9,3,en,obj_pp,part,1.0,7179
0.9,3,en,obj_pp,prep,0.917746204206714,7179
0.9,3,nl,subj_rc,aux,0.0,14459
0.9,3,nl,subj_rc,det,0.0,21345
0.9,3,nl,subj_rc,noun,0.010033977489912933,18836
0.9,3,nl,subj_rc,verb,0.0005366726296958855,5590
0.9,3,nl,subj_rc,part,0.0,7240
0.9,3,nl,subj_rc,rel,0.0,4860
0.9,3,nl,obj_pp,part,0.0,324
0.9,3,nl,plain,prep,0.1896551724137931,29
0.9,3,nl,obj_rc,prep,0.2,10
0.9,3,nl,obj_pp,verb,0.0,6
0.9,3,nl,obj_pp,rel,0.0,1
0.0,1,nl,subj_pp+obj_pp,det,0.0,28564
0.0,1,nl,subj_pp+obj_pp,noun,0.010380198851701442,28564
0.0,1,nl,subj_pp+obj_pp,prep,0.08412687298697662,14282
0.0,1,nl,subj_pp+obj_pp,aux,0.0,7141
0.0,1,nl,subj_pp+obj_pp,part,0.0,7141
0.0,1,nl,subj_pp,prep,0.0643131604226705,10410
0.0,1,nl,subj_pp,det,0.0,19264
0.0,1,nl,subj_pp,noun,0.010840865238143597,19694
0.0,1,nl,subj_pp,aux,0.0,7031
0.0,1,nl,subj_pp,part,0.0,6951
0.0,1,nl,obj_pp,aux,0.0,11062
0.0,1,nl,obj_pp,det,0.0,21571
0.0,1,nl,obj_pp,noun,0.009574910957953651,21619
0.0,1,nl,obj_pp,rel,0.0,1
0.0,1,nl,obj_pp,prep,0.08127741228070176,7296
0.0,1,en,subj_pp,prep,0.48973214285714284,3360
0.0,1,en,subj_pp,det,0.0,5831
0.0,1,en,subj_pp,noun,0.02088167053364269,7758
0.0,1,en,subj_pp,aux,0.0,18282
0.0,1,en,subj_pp,part,0.0,13437
0.0,1,en,plain,det,0.0,12042
0.0,1,en,plain,noun,0.0055486024196912806,11985
0.0,1,en,plain,aux,0.0,6222
0.0,1,en,plain,part,0.0,6278
0.0,1,nl,obj_pp,part,0.0,3458
0.0,1,en,subj_rc,aux,0.0,17622
0.0,1,en,subj_rc,part,0.0,14474
0.0,1,en,subj_rc,noun,0.009562688737277709,8941
0.0,1,en,subj_rc,rel,0.0,7079
0.0,1,en,subj_rc,verb,0.0,11777
0.0,1,en,subj_pp,verb,0.0,14430
0.0,1,nl,plain,det,0.0,14315
0.0,1,nl,plain,noun,0.00960530911631156,14315
0.0,1,nl,plain,aux,0.0,7162
0.0,1,nl,plain,part,0.0,7162
0.0,1,en,obj_pp,aux,0.0,20156
0.0,1,en,obj_pp,prep,0.4980952380952381,2100
0.0,1,en,obj_pp,det,0.0,5953
0.0,1,en,obj_pp,noun,0.01957361924947014,8021
0.0,1,en,obj_pp,part,0.0,13584
0.0,1,nl,subj_rc,det,0.0,21741
0.0,1,nl,subj_rc,noun,0.01033799963160803,21716
0.0,1,nl,subj_rc,rel,0.0,7175
0.0,1,nl,subj_rc,verb,0.0,7150
0.0,1,nl,subj_rc,aux,0.0,7432
0.0,1,nl,subj_rc,part,0.0,7246
0.0,1,en,obj_rc,aux,0.0,22930
0.0,1,en,obj_rc,part,0.0,21022
0.0,1,en,obj_rc,verb,0.0,9186
0.0,1,en,obj_rc,rel,0.0,8289
0.0,1,nl,obj_rc,det,0.0,21489
0.0,1,nl,obj_rc,noun,0.00933086751849361,17844
0.0,1,nl,obj_rc,aux,0.0,14141
0.0,1,nl,obj_rc,rel,0.0,3869
0.0,1,nl,obj_rc,verb,0.0,7124
0.0,1,nl,obj_rc,part,0.0,7163
0.0,1,en,subj_pp+obj_pp,det,0.0,4553
0.0,1,en,subj_pp+obj_pp,part,0.0,1491
0.0,1,en,subj_pp+obj_pp,prep,0.4419383653416704,2239
0.0,1,en,subj_pp+obj_pp,noun,0.018584801762114536,3632
0.0,1,en,subj_pp+obj_pp,aux,0.0,1139
0.0,1,en,subj_rc,det,0.0,9382
0.0,1,en,obj_rc,det,0.0,2761
0.0,1,en,obj_rc,noun,0.01942487145305656,5251
0.0,1,en,obj_pp,verb,0.0,14437
0.0,1,en,subj_pp,rel,0.0,568
0.0,1,en,subj_pp+obj_pp,verb,0.0,614
0.0,1,en,plain,rel,0.0,752
0.0,1,en,obj_pp,rel,0.0,621
0.0,1,en,plain,verb,0.0,53
0.0,1,nl,subj_pp,verb,0.0,97
0.0,1,en,subj_rc,prep,0.0,5
0.0,1,en,obj_rc,prep,0.0,1
0.0,1,nl,subj_pp,rel,0.0,3
0.0,2,en,subj_rc,aux,0.0,8267
0.0,2,en,subj_rc,det,0.0,2009
0.0,2,en,subj_rc,noun,0.011657303370786517,3560
0.0,2,en,subj_rc,part,0.0,3456
0.0,2,en,obj_rc,aux,0.0,21220
0.0,2,en,obj_rc,part,0.0,14182
0.0,2,en,obj_rc,noun,0.007810153199158907,6658
0.0,2,nl,subj_pp+obj_pp,det,0.0,28500
0.0,2,nl,subj_pp+obj_pp,noun,0.010298245614035088,28500
0.0,2,nl,subj_pp+obj_pp,prep,0.08305263157894736,14250
0.0,2,nl,subj_pp+obj_pp,aux,0.0,7125
0.0,2,nl,subj_pp+obj_pp,part,0.0,7125
0.0,2,nl,subj_pp,det,0.0,20521
0.0,2,nl,subj_pp,noun,0.01070314023795592,20508
0.0,2,nl,subj_pp,prep,0.08528428093645485,6877
0.0,2,nl,subj_pp,aux,0.0,6843
0.0,2,nl,subj_pp,part,0.0,6819
0.0,2,nl,plain,det,0.0,14268
0.0,2,nl,plain,noun,0.0097771236333053,14268
0.0,2,nl,plain,aux,0.0,7134
0.0,2,nl,plain,part,0.0,7134
0.0,2,nl,obj_pp,det,0.0,21083
0.0,2,nl,obj_pp,noun,0.00962913528458385,20978
0.0,2,nl,obj_pp,aux,0.0,7257
0.0,2,nl,obj_pp,prep,0.08578151739874501,7012
0.0,2,nl,obj_pp,part,0.0,6922
0.0,2,nl,subj_rc,det,0.0,19134
0.0,2,nl,subj_rc,noun,0.011053621825023518,19134
0.0,2,nl,subj_rc,rel,0.0,6378
0.0,2,nl,subj_rc,verb,0.0,6378
0.0,2,nl,subj_rc,aux,0.0,6378
0.0,2,nl,subj_rc,part,0.0,6378
0.0,2,nl,obj_rc,det,0.0,18909
0.0,2,nl,obj_rc,noun,0.010735628536675658,18909
0.0,2,nl,obj_rc,aux,0.0,6303
0.0,2,nl,obj_rc,rel,0.0,6303
0.0,2,nl,obj_rc,verb,0.0,6303
0.0,2,nl,obj_rc,part,0.0,6303
0.0,2,en,subj_pp,aux,0.0,5237
0.0,2,en,subj_pp,noun,0.011850311850311851,2405
0.0,2,en,subj_pp,prep,0.5,1197
0.0,2,en,subj_pp,det,0.0,1442
0.0,2,en,subj_pp,part,0.0,1275
0.0,2,en,subj_pp+obj_pp,det,0.0,4947
0.0,2,en,subj_pp+obj_pp,noun,0.005354617094362498,4949
0.0,2,en,subj_pp+obj_pp,prep,0.4969672462596037,2473
0.0,2,en,subj_pp+obj_pp,aux,0.0,1238
0.0,2,en,subj_pp+obj_pp,part,0.0,1237
0.0,2,en,plain,aux,0.0,3450
0.0,2,en,plain,part,0.0,677
0.0,2,en,obj_rc,det,0.0,701
0.0,2,en,obj_pp,aux,0.0,449
0.0,2,en,obj_pp,det,0.0,201
0.0,2,en,obj_pp,noun,0.009541984732824428,262
0.0,2,en,obj_pp,part,0.0,139
0.0,2,en,obj_pp,prep,0.5,74
0.0,2,en,obj_rc,verb,0.0,49
0.0,2,en,plain,det,0.0,20
0.0,2,en,plain,noun,0.0,17
0.0,2,nl,subj_pp,verb,0.0,19
0.0,2,en,subj_rc,verb,0.0,8
0.0,3,nl,subj_pp+obj_pp,det,0.0,28744
0.0,3,nl,subj_pp+obj_pp,noun,0.010176036738101866,28744
0.0,3,nl,subj_pp+obj_pp,prep,0.0827650988032285,14372
0.0,3,nl,subj_pp+obj_pp,aux,0.0,7186
0.0,3,nl,subj_pp+obj_pp,part,0.0,7186
0.0,3,nl,obj_rc,aux,0.0,11827
0.0,3,nl,obj_rc,det,0.0,17623
0.0,3,nl,obj_rc,noun,0.011828780529316654,11751
0.0,3,nl,obj_rc,rel,0.0,5708
0.0,3,nl,obj_rc,verb,0.0,5876
0.0,3,nl,obj_rc,part,0.0,5965
0.0,3,nl,plain,aux,0.0,9477
0.0,3,nl,plain,det,0.0,13607
0.0,3,nl,plain,noun,0.011367118083215883,16319
0.0,3,nl,plain,part,0.0,1878
0.0,3,nl,plain,prep,0.367986798679868,303
0.0,3,en,subj_pp+obj_pp,det,0.0,26021
0.0,3,en,subj_pp+obj_pp,noun,0.05765880603356703,23535
0.0,3,en,subj_pp+obj_pp,prep,0.36419934041773544,13645
0.0,3,en,subj_pp+obj_pp,aux,0.0,6504
0.0,3,en,subj_pp+obj_pp,part,0.0,6502
0.0,3,en,plain,aux,0.0,14157
0.0,3,en,plain,det,0.0,17508
0.0,3,en,plain,noun,0.0743047830923248,4495
0.0,3,en,plain,part,0.0,3802
0.0,3,en,plain,prep,0.49129505192425166,3274
0.0,3,nl,subj_pp,aux,0.0,9418
0.0,3,nl,subj_pp,det,0.0,14205
0.0,3,nl,subj_pp,noun,0.011161182142108572,9542
0.0,3,nl,subj_pp,prep,0.11033608116677235,4731
0.0,3,nl,subj_pp,verb,0.0,3644
0.0,3,en,subj_pp+obj_pp,verb,0.0,1697
0.0,3,nl,subj_rc,aux,0.0,12764
0.0,3,nl,subj_rc,det,0.0,15366
0.0,3,nl,subj_rc,noun,0.011777301927194861,13076
0.0,3,nl,subj_rc,rel,0.0,2575
0.0,3,nl,subj_rc,part,0.0,5803
0.0,3,en,subj_pp,det,0.0,6087
0.0,3,en,subj_pp,noun,0.05511487964989059,3656
0.0,3,en,subj_pp,prep,0.4858559882439383,2722
0.0,3,en,subj_pp,aux,0.0,2881
0.0,3,en,subj_pp,verb,0.0,460
0.0,3,en,subj_pp,part,0.0,1843
0.0,3,en,subj_rc,det,0.0,4266
0.0,3,en,subj_rc,noun,0.11213793103448276,3625
0.0,3,en,subj_rc,aux,0.0,3093
0.0,3,en,subj_rc,verb,0.0,1814
0.0,3,en,subj_rc,part,0.0,1422
0.0,3,nl,subj_rc,verb,0.0,2401
0.0,3,en,obj_rc,det,0.0,2058
0.0,3,en,obj_rc,noun,0.24786324786324787,1638
0.0,3,en,obj_rc,aux,0.0,1415
0.0,3,en,obj_rc,prep,0.3634686346863469,271
0.0,3,en,obj_rc,part,0.0,957
0.0,3,en,obj_rc,verb,0.0,521
0.0,3,nl,subj_pp,part,0.0,1093
0.0,3,en,obj_pp,aux,0.0,4036
0.0,3,en,obj_pp,det,0.0,6989
0.0,3,en,obj_pp,noun,0.027059077188443293,4638
0.0,3,en,obj_pp,part,0.0,1834
0.0,3,nl,obj_pp,aux,0.0,1401
0.0,3,nl,obj_pp,det,0.0,3335
0.0,3,nl,obj_pp,noun,0.00792393026941363,3155
0.0,3,nl,obj_pp,prep,0.1988685813751088,1149
0.0,3,en,obj_pp,prep,0.43506172839506174,2025
0.0,3,nl,obj_pp,part,0.0,995
0.0,3,en,obj_pp,verb,0.0,431
0.0,3,nl,plain,verb,0.0,25
0.0,3,nl,obj_pp,verb,0.0,9
0.0,3,nl,subj_rc,prep,0.4,5
0.0,3,nl,plain,rel,0.0,1
1.0,1,en,subj_pp,det,1.0,21231
1.0,1,en,subj_pp,noun,0.9895671423861335,21231
1.0,1,en,subj_pp,prep,0.9161367811219443,7077
1.0,1,en,subj_pp,aux,1.0,7077
1.0,1,en,subj_pp,part,1.0,7077
1.0,1,en,plain,det,1.0,14330
1.0,1,en,plain,noun,0.9903698534542917,14330
1.0,1,en,plain,aux,1.0,7165
1.0,1,en,plain,part,1.0,7165
1.0,1,nl,plain,det,1.0,14318
1.0,1,nl,plain,noun,0.9900879519754293,14326
1.0,1,nl,plain,aux,1.0,7159
1.0,1,nl,plain,part,1.0,7151
1.0,1,en,obj_pp,det,1.0,21636
1.0,1,en,obj_pp,noun,0.990293954520244,21636
1.0,1,en,obj_pp,aux,1.0,7212
1.0,1,en,obj_pp,part,1.0,7212
1.0,1,en,obj_pp,prep,0.918191902384914,7212
1.0,1,en,subj_pp+obj_pp,det,1.0,28668
1.0,1,en,subj_pp+obj_pp,noun,0.9898318682851961,28668
1.0,1,en,subj_pp+obj_pp,prep,0.9172945444397935,14334
1.0,1,en,subj_pp+obj_pp,aux,1.0,7167
1.0,1,en,subj_pp+obj_pp,part,1.0,7167
1.0,1,en,obj_rc,det,1.0,21411
1.0,1,en,obj_rc,noun,0.9895847928634813,21411
1.0,1,en,obj_rc,aux,1.0,7137
1.0,1,en,obj_rc,part,1.0,7224
1.0,1,en,obj_rc,rel,1.0,7137
1.0,1,en,obj_rc,verb,1.0,7050
1.0,1,nl,subj_pp,det,1.0,3592
1.0,1,nl,subj_pp,noun,0.9867798497077651,3593
1.0,1,nl,subj_pp,prep,0.5033557046979866,1192
1.0,1,nl,subj_pp,aux,1.0,1196
1.0,1,nl,subj_pp,part,1.0,1200
1.0,1,en,subj_rc,det,1.0,15111
1.0,1,en,subj_rc,noun,0.9911816578483245,15309
1.0,1,en,subj_rc,rel,1.0,4281
1.0,1,en,subj_rc,aux,1.0,4162
1.0,1,en,subj_rc,part,1.0,2013
1.0,1,nl,subj_pp+obj_pp,det,1.0,4416
1.0,1,nl,subj_pp+obj_pp,noun,0.9841814370116256,5247
1.0,1,nl,subj_pp+obj_pp,prep,0.5,1319
1.0,1,nl,subj_pp+obj_pp,aux,1.0,1145
1.0,1,nl,subj_pp+obj_pp,part,1.0,1121
1.0,1,nl,obj_pp,det,1.0,3505
1.0,1,nl,obj_pp,noun,0.9889204545454545,3520
1.0,1,nl,obj_pp,aux,1.0,1167
1.0,1,nl,obj_pp,part,1.0,1151
1.0,1,nl,obj_pp,prep,0.5034217279726262,1169
1.0,1,en,subj_rc,verb,1.0,1933
1.0,1,nl,obj_rc,det,1.0,353
1.0,1,nl,obj_rc,noun,0.9751693002257337,443
1.0,1,nl,obj_rc,aux,1.0,113
1.0,1,nl,obj_rc,part,1.0,118
1.0,1,nl,obj_rc,rel,1.0,99
1.0,1,nl,obj_rc,verb,1.0,4
1.0,1,nl,subj_rc,det,1.0,18
1.0,1,nl,subj_rc,noun,1.0,22
1.0,1,nl,subj_rc,aux,1.0,6
1.0,1,nl,subj_rc,part,1.0,6
1.0,1,nl,subj_rc,rel,1.0,6
1.0,1,nl,subj_rc,verb,1.0,2
1.0,1,en,subj_rc,prep,1.0,1
1.0,2,en,subj_rc,det,1.0,21624
1.0,2,en,subj_rc,noun,0.9893174250832408,21624
1.0,2,en,subj_rc,rel,1.0,7208
1.0,2,en,subj_rc,verb,1.0,7121
1.0,2,en,subj_rc,aux,1.0,7208
1.0,2,en,subj_rc,part,1.0,7295
1.0,2,en,obj_rc,det,1.0,21693
1.0,2,en,obj_rc,noun,0.9894896971373254,21693
1.0,2,en,obj_rc,aux,1.0,7231
1.0,2,en,obj_rc,part,1.0,7313
1.0,2,en,obj_rc,rel,1.0,7231
1.0,2,en,obj_rc,verb,1.0,7149
1.0,2,en,subj_pp,det,1.0,21123
1.0,2,en,subj_pp,noun,0.9895138001230885,21123
1.0,2,en,subj_pp,prep,0.9154239454622923,7041
1.0,2,en,subj_pp,aux,1.0,7041
1.0,2,en,subj_pp,part,1.0,7041
1.0,2,nl,subj_pp,det,1.0,12788
1.0,2,nl,subj_pp,noun,0.9868643046517233,12447
1.0,2,nl,subj_pp,aux,1.0,4240
1.0,2,nl,subj_pp,part,1.0,7253
1.0,2,nl,subj_pp,prep,0.6632313829787234,1504
1.0,2,nl,obj_pp,det,1.0,11913
1.0,2,nl,obj_pp,noun,0.9876146395817262,11667
1.0,2,nl,obj_pp,aux,1.0,3934
1.0,2,nl,obj_pp,part,1.0,7073
1.0,2,en,plain,det,1.0,14352
1.0,2,en,plain,noun,0.9903497770345596,14352
1.0,2,en,plain,aux,1.0,7176
1.0,2,en,plain,part,1.0,7176
1.0,2,nl,plain,det,1.0,8236
1.0,2,nl,plain,noun,0.9844648318042813,8175
1.0,2,nl,plain,aux,1.0,4100
1.0,2,nl,plain,part,1.0,4161
1.0,2,en,subj_pp+obj_pp,det,1.0,28664
1.0,2,en,subj_pp+obj_pp,noun,0.9899176667596986,28664
1.0,2,en,subj_pp+obj_pp,prep,0.9168643594753,14332
1.0,2,en,subj_pp+obj_pp,aux,1.0,7166
1.0,2,en,subj_pp+obj_pp,part,1.0,7166
1.0,2,nl,subj_pp+obj_pp,det,1.0,12621
1.0,2,nl,subj_pp+obj_pp,noun,0.9882629107981221,11502
1.0,2,nl,subj_pp+obj_pp,prep,0.7523862998315554,3562
1.0,2,nl,subj_pp+obj_pp,aux,1.0,2299
1.0,2,nl,subj_pp+obj_pp,part,1.0,5762
1.0,2,nl,obj_pp,prep,0.5081799591002045,978
1.0,2,en,obj_pp,det,1.0,21510
1.0,2,en,obj_pp,noun,0.9901441190144119,21510
1.0,2,en,obj_pp,aux,1.0,7170
1.0,2,en,obj_pp,part,1.0,7170
1.0,2,en,obj_pp,prep,0.9184797768479777,7170
1.0,2,nl,subj_pp+obj_pp,verb,1.0,62
1.0,2,nl,obj_rc,det,1.0,160
1.0,2,nl,obj_rc,part,1.0,98
1.0,2,nl,obj_rc,noun,1.0,62
1.0,2,nl,subj_rc,det,1.0,228
1.0,2,nl,subj_rc,part,1.0,148
1.0,2,nl,subj_rc,noun,0.9886363636363636,88
1.0,2,nl,obj_pp,verb,1.0,48
1.0,2,nl,subj_pp,verb,1.0,81
1.0,2,nl,subj_rc,rel,1.0,9
1.0,2,nl,subj_rc,verb,1.0,9
1.0,2,nl,subj_rc,aux,1.0,8
1.0,3,nl,subj_pp,det,1.0,20014
1.0,3,nl,subj_pp,part,1.0,3358
1.0,3,nl,subj_pp,noun,0.9898613697496379,9666
1.0,3,nl,plain,det,1.0,7441
1.0,3,nl,plain,noun,0.977913397268236,6882
1.0,3,nl,plain,aux,1.0,3360
1.0,3,nl,plain,part,1.0,3635
1.0,3,en,subj_pp+obj_pp,det,1.0,28500
1.0,3,en,subj_pp+obj_pp,noun,0.9897368421052631,28500
1.0,3,en,subj_pp+obj_pp,prep,0.9164210526315789,14250
1.0,3,en,subj_pp+obj_pp,aux,1.0,7125
1.0,3,en,subj_pp+obj_pp,part,1.0,7125
1.0,3,en,obj_rc,det,1.0,21603
1.0,3,en,obj_rc,noun,0.9897005045595519,21603
1.0,3,en,obj_rc,aux,1.0,7201
1.0,3,en,obj_rc,part,1.0,7283
1.0,3,en,obj_rc,rel,1.0,7201
1.0,3,en,obj_rc,verb,1.0,7119
1.0,3,en,plain,det,1.0,14424
1.0,3,en,plain,noun,0.9900859678313921,14424
1.0,3,en,plain,aux,1.0,7212
1.0,3,en,plain,part,1.0,7212
1.0,3,nl,obj_pp,det,1.0,18938
1.0,3,nl,obj_pp,noun,0.9918712493180578,9165
1.0,3,nl,obj_pp,aux,1.0,1432
1.0,3,nl,obj_pp,part,1.0,3402
1.0,3,en,subj_rc,det,1.0,21692
1.0,3,en,subj_rc,noun,0.9892703862660944,21669
1.0,3,en,subj_rc,rel,1.0,7202
1.0,3,en,subj_rc,verb,1.0,7111
1.0,3,en,subj_rc,aux,1.0,7217
1.0,3,en,subj_rc,part,1.0,7309
1.0,3,nl,subj_pp,aux,1.0,912
1.0,3,en,subj_pp,det,1.0,21165
1.0,3,en,subj_pp,noun,0.9897708480982754,21165
1.0,3,en,subj_pp,prep,0.9155209071580439,7055
1.0,3,en,subj_pp,aux,1.0,7055
1.0,3,en,subj_pp,part,1.0,7055
1.0,3,en,obj_pp,det,1.0,21537
1.0,3,en,obj_pp,noun,0.9901100431815016,21537
1.0,3,en,obj_pp,aux,1.0,7179
1.0,3,en,obj_pp,part,1.0,7179
1.0,3,en,obj_pp,prep,0.917746204206714,7179
1.0,3,nl,subj_rc,det,1.0,14888
1.0,3,nl,subj_rc,part,1.0,6958
1.0,3,nl,subj_rc,noun,0.9645966337782936,10338
1.0,3,nl,subj_rc,aux,1.0,2466
1.0,3,nl,obj_pp,prep,0.5,885
1.0,3,nl,obj_rc,det,1.0,17784
1.0,3,nl,obj_rc,part,1.0,8106
1.0,3,nl,obj_rc,noun,0.9596929958320626,9837
1.0,3,nl,subj_pp+obj_pp,det,1.0,12663
1.0,3,nl,subj_pp+obj_pp,noun,0.9778761061946902,6441
1.0,3,nl,subj_pp+obj_pp,prep,0.5023923444976076,836
1.0,3,nl,subj_pp+obj_pp,aux,1.0,396
1.0,3,nl,subj_pp+obj_pp,part,1.0,6088
1.0,3,nl,obj_rc,aux,1.0,613
1.0,3,nl,subj_pp,prep,0.5,511
